Clmp,Matn2,Cpe,Gcg,Gdnf,Yes1,Il17a,Foxo1,Tnfrsf11b,Tgfb1,Pla2g4a,Il6,Prdx5,Tgfa,Ccl5,Epo,Axin1,Fst,Rgma,Nadk,Tnni3,Notch3,Snap29,Cntn1,Clstn2,S100a4,Ca13,Mia,Cant1,Kitlg,Gfra1,Ppp1r2,Adam23,Itgb6,Cyr61,Dlk1,Ahr,Ccl2,Eno2,Plin1,Wfikkn2,Flrt2,Qdpr,Fas,Erbb4,Riox2,Plxna4,Epcam,Ccl3,Crim1,Vsig2,Hgf,Sez6l2,Il1a,Il23r,Dll1,Ddah1,Il10,Tnfrsf12a,Acvrl1,Lgmn,Csf2,Cxcl9,Map2k6,Itgb1bp2,Il17f,Il1b,Casp3,Apbb1ip,Wisp1,Cdh6,Pdgfb,Igsf3,Tgfbr3,Cxcl1,Pak4,Cntn4,Ghrl,Lpl,Fstl3,Dctn2,Il5,Eda2r,Ntf3,Tnfsf12,Ccl20,Fli1,Tpp1,Tnr,Vegfd,Parp1,Tnf
5.76306,5.4176,7.02554,3.6971,0.98408,2.23162,3.82124,3.0352,6.55902,2.60632,6.24868,1.10181,2.30082,6.03335,0.67383,3.24099,4.88275,8.46787,2.66908,7.52233,3.88721,4.72818,7.65441,6.01535,3.84024,5.29861,3.63316,3.79609,0.63219,0.62612,4.59082,4.58993,1.40602,3.75509,6.83251,3.27532,2.46338,9.94292,6.43516,6.85552,5.52912,3.60222,5.75072,4.54763,4.88534,4.67038,2.6887,3.02277,3.14021,2.23387,3.07482,5.0386,4.94353,8.14014,5.83116,3.36418,1.69243,1.60156,3.30243,5.05737,6.04256,1.50644,6.55856,7.87573,2.3253,2.81405,2.04117,9.15572,3.96591,4.34415,3.42189,7.19786,4.08672,4.10454,9.40754,1.49222,6.17148,5.50732,2.27965,5.52919,1.64243,0.87751,6.49596,2.49656,5.08251,8.65689,3.16269,7.65971,5.74174,3.82726,5.34222,NA
5.94479,4.16604,5.30821,1.16401,1.03706,1.7752,2.05374,2.85572,6.1891,2.40993,6.52915,2.31422,2.97861,5.69633,1.11526,3.01259,4.78514,8.28058,2.80875,7.15226,1.82585,4.38802,6.44349,5.60692,2.78932,5.63227,3.79286,3.37016,0.21649,0.7972,2.84733,3.77491,1.84339,3.80319,5.26898,3.45622,2.30147,10.62015,5.39562,6.34051,5.29466,3.69264,5.27025,4.36872,4.07758,4.4035,2.17066,2.5855,5.48561,2.48614,2.43988,4.86452,4.20726,7.48048,5.16689,3.10754,1.07114,2.56406,2.60575,4.99071,6.16614,1.58326,5.22403,7.48075,1.44918,1.55925,2.73927,8.93698,4.11628,4.47251,4.85421,6.43834,3.93926,4.0479,10.70169,1.70179,5.60571,5.05627,2.34091,5.62026,1.54764,1.89541,7.01742,2.39033,5.01654,7.86584,2.17028,7.19641,4.4877,3.84127,5.03568,NA
6.015,4.95533,5.37428,1.88865,0.94328,1.82029,3.20517,2.58468,6.53947,2.07038,6.27854,0.98206,2.43005,5.53287,1.13888,2.87724,5.20046,8.55876,3.07922,5.79636,0.45966,4.802,6.45705,6.10173,3.72551,5.54829,3.91919,2.69229,0.38878,0.92053,3.99573,3.79623,1.0548,5.80063,6.28112,3.19085,1.99693,10.03841,6.14959,6.19385,5.24263,3.65551,6.03983,4.33245,4.91731,4.34334,3.56042,3.4123,4.7788,2.60097,3.43128,5.09573,4.7243,6.48,5.76032,3.3825,1.61888,1.30369,2.5266,5.06443,6.0296,1.29932,7.06797,7.88502,1.59893,1.86163,1.9619,9.39843,4.64669,4.25532,3.24845,7.62266,4.20197,3.93594,9.62849,0.98481,6.40931,4.80386,1.84432,5.46539,1.93077,1.18563,6.53717,2.36153,5.88931,7.73232,1.81867,7.50644,5.36915,4.30596,6.45299,NA
5.53576,5.10542,7.12414,3.38739,1.15588,2.23138,2.76135,2.6156,7.02684,2.82792,6.72078,1.19731,2.87559,6.60919,0.68827,5.1105,5.72003,8.42691,2.62933,7.41357,3.14944,4.89361,7.93925,5.73304,3.61111,5.29521,4.12648,3.64894,0.86957,1.25756,5.64868,4.32321,1.19349,4.45375,6.8542,6.97901,2.6395,10.16593,6.34993,4.45764,5.46856,3.68147,5.97128,4.38055,4.51317,5.45792,2.24489,2.79768,3.4676,2.5613,3.25519,5.21171,5.72355,6.62307,5.41622,3.53547,1.37721,1.27147,4.02413,5.09182,6.11783,1.8365,7.71196,7.42983,0.93967,1.28363,2.02941,9.48028,4.42111,4.30623,2.83279,8.16316,4.22761,4.29288,10.25043,2.11589,5.63514,5.19407,2.08514,5.56034,2.40845,1.42739,7.28518,3.14041,5.4641,8.39953,2.51626,7.57792,5.46927,3.67153,6.20035,NA
6.19844,5.43012,5.82989,2.47246,0.93404,2.97909,2.79536,3.5447,6.84936,2.20501,6.58224,1.4395,3.24477,5.91359,0.7962,2.74006,5.57322,8.6114,2.95495,7.86085,4.04139,4.7925,7.29103,6.24828,4.02308,6.26132,4.09317,3.32611,0.69492,1.1509,4.34885,4.90661,1.44176,3.86826,6.5516,3.38506,2.96673,10.39526,5.9544,8.20482,5.49808,4.02597,6.03213,4.61927,5.29165,5.47322,1.79098,3.16287,3.42843,2.49947,3.85293,5.44547,4.92116,8.85631,5.897,3.70534,2.39821,1.35596,3.52516,5.17743,6.35595,1.50369,6.69683,8.21149,3.30908,2.40695,2.22171,9.32709,4.42446,4.41814,3.83113,7.64604,4.60031,4.11152,10.08173,1.29828,6.59604,5.04314,2.91854,5.69644,2.73808,1.75151,6.93407,2.31531,5.25847,8.21887,3.02025,7.53465,4.96305,4.12569,6.82962,NA
6.44141,5.215,6.11305,1.4818,1.38545,3.0487,4.25906,3.5983,6.515,2.39006,6.79169,1.43664,3.08506,6.356,0.68248,2.91061,5.36566,8.59098,2.94339,8.17956,4.25329,4.79846,7.40728,6.23453,4.16436,6.55908,4.12303,3.24935,0.91405,0.93924,4.0467,5.08971,1.28866,3.55634,6.80478,3.70556,3.29039,10.31063,6.10926,8.31158,5.5164,4.56248,6.30587,4.53536,5.03932,5.37923,2.50621,3.40836,3.42755,2.64794,3.59669,5.53408,4.87174,8.41219,6.1919,3.42411,2.41089,1.8038,3.06508,5.55793,6.36495,1.66711,5.70349,8.29691,3.44632,2.74971,2.11974,9.31151,4.51103,4.30825,3.46746,8.55725,4.54625,4.25913,10.19128,1.22384,6.50768,5.14668,3.43809,5.58289,2.416,1.31185,6.90415,2.47195,5.35278,8.02645,2.55734,7.68199,5.14234,3.92795,6.19798,NA
5.62758,5.2948,6.83942,3.97721,0.87692,1.87027,3.14075,3.05386,6.29973,2.54325,5.50692,1.09585,2.12919,5.47537,0.84353,2.63143,4.43507,8.19439,2.58928,7.70856,5.60576,4.74418,7.35569,5.92196,3.77391,5.28213,3.30295,3.83494,0.61313,0.48132,3.88967,4.18226,1.18696,2.97675,6.76199,3.11246,2.14885,9.84772,5.12678,7.69111,5.2064,3.47401,5.44645,4.3434,4.93688,4.62374,1.91531,3.43218,3.06911,1.88431,3.21871,4.76043,4.88512,7.99317,5.8605,3.14225,1.38536,1.25229,2.86569,4.6786,5.93392,1.22778,6.22039,7.75248,2.44696,1.87706,1.74138,8.53194,3.01801,4.1549,3.22611,5.16259,4.05465,3.95989,9.60535,1.34892,6.05181,5.79775,2.58503,5.18942,1.76576,1.62467,6.45687,2.48202,5.18717,8.20006,3.17595,7.21958,4.05447,3.73116,5.38323,NA
6.25781,6.39667,5.15017,1.63661,1.15808,2.25677,1.684,3.53759,8.40754,3.85532,6.60039,2.50942,3.28012,5.26038,4.45049,6.60132,5.44853,7.89437,2.46112,8.36298,1.79173,4.62321,7.36512,5.09712,5.43346,5.81839,4.09641,3.70606,0.8002,1.26529,5.53019,4.4896,2.01525,3.95179,6.14147,2.83592,3.35881,13.28924,4.99888,5.9375,5.7628,4.05721,5.49533,5.01725,3.92963,5.71366,2.25822,2.53801,6.74577,3.31888,3.04098,7.50511,4.71512,8.5414,9.51784,5.20814,1.54907,6.73833,3.44163,5.46363,6.65622,2.19723,11.32546,7.81279,2.68104,1.40816,2.96824,9.07171,4.40652,6.82035,3.71198,6.01117,4.51381,3.80171,11.00671,1.1032,4.53874,5.26646,2.31475,6.79965,2.40964,3.56086,7.2594,2.51957,6.81582,8.89622,4.31027,7.34009,3.48951,3.58227,7.74787,1.46919
5.81327,5.42187,6.78234,2.64645,0.60404,2.29425,3.14787,3.02799,6.60991,2.63745,6.57372,1.60298,2.49895,5.54219,2.80064,2.92332,4.81876,8.15124,2.55318,8.25124,7.96319,4.65778,7.92079,5.99641,3.56999,5.52673,3.59303,3.8682,0.63449,0.83709,3.79482,4.91734,1.29158,2.69768,7.54451,2.88929,2.26577,10.05385,6.35318,7.3111,5.37264,3.6222,5.90454,4.32607,5.10963,4.89311,3.02793,2.51492,3.96804,2.35649,2.86432,4.94627,4.6809,7.75039,5.9981,3.38668,1.51203,2.06553,2.98582,4.87534,6.2084,1.24899,7.56146,8.069,3.0389,1.52967,1.97735,9.08939,3.84685,4.10619,3.50052,5.58764,4.00948,3.8844,9.68636,1.54883,6.04458,5.12769,2.29282,5.32232,1.58897,1.1369,6.45943,2.41452,4.6646,8.10501,2.70589,7.38331,5.28612,3.67505,5.18633,NA
5.95054,5.21497,7.09912,3.83589,1.20501,2.23895,2.70815,3.22965,6.54088,2.73522,6.35601,1.30227,2.55465,5.78198,1.02625,4.90154,4.95716,8.56027,2.84517,7.83028,5.79117,4.91864,7.54879,6.09621,3.40612,5.79304,3.92851,3.8902,0.789,0.49803,4.25084,4.66553,0.94984,3.50199,7.4906,3.3871000000000002,2.50749,10.15835,6.44751,7.02452,5.41629,3.75945,5.85027,4.31492,4.57761,4.76665,3.68384,3.32131,3.1337,2.09266,3.11527,4.67262,5.10729,8.33624,6.14019,3.37836,1.63128,1.69856,3.40899,5.2274,6.10575,1.46086,6.66549,8.01088,2.90628,1.70553,2.12122,8.96442,3.68839,4.13137,3.24194,5.84384,4.38954,4.40816,9.70239,1.827,6.23131,5.85732,2.61273,5.50355,2.04401,1.63234,6.65116,2.78154,5.41884,8.49936,3.01264,7.61905,5.13472,3.71268,5.15652,0.56113
5.83083,5.21511,6.82949,3.17348,1.0661,2.25206,2.69626,3.51958,6.30347,2.62677,6.20495,1.33056,2.47369,5.47913,0.48586,3.1807,5.01532,8.33567,2.91596,8.66971,7.75079,4.60329,8.05062,6.17673,3.63119,5.54817,3.51246,3.89857,0.59586,0.31008,3.65929,4.78157,1.36402,1.97392,7.57754,3.39801,2.59075,10.36687,6.71072,8.12462,5.33647,3.69869,5.69796,4.27846,4.94288,4.82179,1.75041,2.84752,3.21716,1.94264,3.20451,4.94281,4.96013,8.25718,5.862,3.10946,1.6981,1.74876,2.9464,4.7793,6.10817,1.16431,6.03824,8.06219,3.02937,1.44232,1.87798,8.62903,3.32742,3.87563,3.30242,5.05701,3.99776,4.02025,9.83444,1.8107,6.00943,5.73708,2.61089,5.29732,2.0341,0.89219,6.58239,2.31381,4.84952,7.97947,3.07512,7.2155,6.10857,3.61068,6.37904,NA
6.22734,5.30182,6.68736,3.0078,1.10958,1.8613,2.69065,3.01634,6.50937,2.48758,6.8675,1.46532,2.10879,6.13962,0.71819,4.17179,4.96294,8.40799,2.95029,7.36838,4.60737,4.77507,7.53193,6.03014,3.66012,5.66701,3.33314,3.7616,0.77356,0.47035,3.78497,4.22971,1.48988,2.80105,7.02087,3.19108,2.35211,10.20542,5.84021,5.89398,5.53993,3.84369,5.52902,4.30554,4.69058,4.31859,1.64285,2.98826,6.01361,2.24637,3.30665,5.05718,4.80306,6.09623,6.02376,3.47956,1.07294,1.64638,3.13067,6.56692,6.11607,1.23009,6.26956,7.51489,1.7464,1.18866,1.9832,8.87265,3.75929,4.26943,3.66023,5.03681,4.38176,4.15429,9.63436,1.12513,6.34359,5.41882,2.18273,5.67265,1.51894,1.50586,6.79029,2.60535,4.76702,8.88816,2.22784,7.17013,4.66881,3.88079,5.07605,NA
5.60247,5.24677,6.95964,3.03295,0.87875,1.8693,5.96245,3.14664,6.29865,2.88298,6.45931,1.39535,1.89166,5.68179,0.80234,3.53228,5.03461,8.30663,2.77423,8.4288,6.6244,4.56671,7.97309,5.79116,3.05501,5.31427,3.69076,3.84506,0.81679,0.56034,4.62382,4.6185,1.23914,1.98066,7.60965,3.0474,2.17831,9.82366,5.69125,7.22747,5.3816,3.45518,5.49106,4.18888,4.63845,4.90234,3.28311,3.14584,3.43864,2.32298,3.02895,4.85188,4.73265,6.54988,5.57037,3.06512,0.94314,1.16815,3.42171,4.81257,5.96453,1.29393,6.01625,7.94347,2.54667,0.83319,2.07443,8.91406,3.74826,4.17231,3.09019,7.19154,4.2263,3.89866,9.74324,1.39058,5.85822,5.51894,2.34922,5.33657,1.46588,1.4048,6.55936,2.52319,4.69358,7.45365,4.08782,7.29567,4.28699,3.4722,5.23499,NA
6.0674,5.46501,5.82499,3.46836,1.00786,1.94003,2.88633,2.44773,7.65772,2.1894,6.24614,1.02779,2.42047,6.05097,0.54411,4.13638,4.56351,8.35555,2.83644,6.43752,2.99959,4.91255,6.30494,6.16982,4.40287,6.06439,3.07679,3.59467,0.7554,0.49426,3.96253,4.23396,1.09741,4.65572,6.3596,3.69734,2.11925,10.15614,5.56092,5.45288,5.63501,3.61858,5.44257,4.4848,5.0898,3.70723,2.56256,3.11808,3.13679,2.46845,3.63247,5.17986,4.91458,6.19168,5.77375,3.65665,1.57108,1.5396,3.37893,4.67616,6.13063,2.33748,6.45789,7.86755,2.39428,1.85179,2.12851,8.90653,3.63169,4.63454,3.98275,6.55949,4.36291,4.27162,9.23454,0.90934,6.55526,5.45399,1.88967,5.85494,1.86846,0.54376,6.63412,2.56101,5.15676,8.0008,1.93449,7.5826,4.42995,4.10857,4.55137,NA
5.23718,4.94828,7.24933,3.0315,0.95646,1.57584,3.03334,2.61305,6.55736,2.78499,6.0081,1.46639,2.33131,6.06432,0.51091,5.37706,5.13115,9.23558,2.77896,7.06124,4.14157,4.61688,7.76188,5.3449,3.22423,4.84907,3.70695,3.82818,0.7708,1.39812,5.3394,4.01986,0.88098,3.70625,6.96853,6.26957,2.1664,9.74064,5.81768,5.64682,5.4065,2.95472,5.45747,4.5108,4.15406,4.31775,2.3595,2.98006,3.40518,2.84397,2.9791,4.85833,5.09994,5.67563,5.41964,3.21707,0.94854,1.50975,3.92583,4.64157,5.88566,1.57117,7.05328,7.22648,1.19175,1.3402,1.80057,9.2446,4.10325,4.12332,2.76422,7.33872,3.91103,3.86765,10.21387,1.36051,5.31399,5.55851,2.13802,5.37544,1.91677,0.65834,7.24823,3.24119,5.30579,8.90486,2.30648,7.82658,4.90707,3.29264,5.3468,NA
6.1112,5.33314,7.28457,3.69864,1.14223,3.13812,3.32777,3.59422,6.74231,3.0099,6.29836,2.05469,3.29568,6.50618,0.99215,3.60149,5.40754,9.61859,2.80762,8.01709,3.96428,4.79681,7.79745,6.18063,3.75479,5.72304,3.82188,4.69909,1.09592,0.78912,4.65391,5.03044,1.18546,3.93293,7.31509,3.18727,3.34066,10.48877,7.02002,6.57746,5.81104,3.5753,5.95711,4.3207,5.09723,5.63671,2.18087,3.38333,4.00232,3.39765,5.12168,5.44249,5.03369,8.25484,5.76804,3.44182,2.77693,1.19812,3.63258,5.04983,6.06123,1.44344,5.47233,8.1517,2.74067,1.88151,1.89284,8.98893,3.74076,4.4339,3.4487,8.07441,4.24569,3.97452,10.69628,2.30849,5.67092,5.48658,2.81863,5.69941,2.20267,1.15627,7.09523,2.96325,5.34055,9.07054,3.26596,7.77714,6.84732,3.70176,6.31787,0.01023
6.40013,4.83372,5.3876,0.1502,1.6172,2.31307,2.24497,1.99681,6.7707,2.20634,6.32059,0.99162,2.97858,6.45169,0.89649,3.45112,3.30746,9.14151,2.6735,3.63954,0.09931,4.61405,4.79018,5.35422,3.67686,5.95132,3.85852,3.21486,0.49594,0.41404,5.22505,2.92967,0.80162,6.86741,6.16781,3.40025,2.8776,10.26684,5.96089,5.00851,5.36181,3.63999,5.3108,4.26845,5.10228,5.32429,3.0486,2.80465,3.47728,3.25253,5.10339,5.63753,4.38315,6.88356,5.55119,3.60576,3.56136,1.26495,3.43042,5.07813,6.40045,1.35962,5.87836,7.8042299999999996,2.12979,1.14728,1.88362,8.48962,3.5781,4.43892,3.87937,8.4841,4.13447,3.08128,9.91251,NA,5.6922,4.24016,1.8695,5.77975,1.67707,1.42364,6.98847,2.41042,6.99015,8.93678,1.94803,7.77853,5.00147,3.71908,5.845,NA
5.8568,5.17715,5.70371,1.40529,0.86489,2.29272,3.36946,2.51344,6.83488,2.27377,5.82863,1.68552,2.74643,5.87121,0.74435,3.74989,4.67883,9.04476,2.44617,6.46564,2.07759,4.63806,6.20474,5.74909,3.63048,5.78327,3.7083,3.4674,0.76472,0.46866,4.57296,3.82506,0.90028,5.27652,7.21479,2.88095,2.75936,10.34564,6.82249,6.91943,5.28352,3.52964,5.6781,4.47715,5.26134,5.04221,1.93133,3.48163,3.39069,2.53236,5.02641,5.4047,4.74732,7.12851,5.8797,3.3322600000000002,3.33873,1.54204,3.39919,4.87631,6.01297,1.71623,6.40917,7.70238,2.03878,1.37667,2.05056,8.88918,4.08424,4.30536,3.4314,6.86388,4.17525,3.42428,10.7001,1.84633,5.67986,4.80145,2.17581,5.58464,1.8307,1.14089,6.74935,2.68359,5.77478,8.76454,2.0956,7.68236,6.07466,3.63171,6.15267,NA
6.30393,4.92336,5.10807,1.24611,1.13692,1.77087,3.21697,1.90082,6.4642,2.06266,6.05558,1.19288,3.00849,5.61913,0.74413,4.05624,4.43272,9.23306,2.76308,6.05348,3.0908,5.17538,5.76071,5.56914,3.44053,5.89276,3.81299,3.33411,0.54131,1.14735,3.54566,3.41128,0.8078,8.2506,6.19593,3.29177,2.97649,10.05029,6.37862,6.73325,5.39922,3.55307,5.45669,3.92759,4.75586,5.15454,2.16618,3.43911,3.54878,1.91263,4.19245,4.78752,4.85165,6.81861,6.39792,3.41501,2.40064,1.24049,3.34441,4.97003,6.02793,0.7706,6.73423,7.66812,1.79375,2.00922,2.05775,9.40661,4.68506,4.46803,3.50038,6.84598,4.31113,3.63229,9.07508,NA,5.94954,4.67591,2.89507,5.97743,1.60796,1.21844,6.46502,2.51029,6.88915,8.70452,2.00781,7.74976,5.78396,4.26107,6.23032,0.02236
6.32023,4.9685,5.40296,0.57505,0.86266,2.24942,5.55634,2.40039,6.73842,2.27874,6.72597,1.46026,2.8183,5.55971,0.79146,3.28964,4.40514,9.09684,2.80788,5.94991,0.82757,4.94283,5.37977,6.09202,3.81945,5.40133,3.32948,3.30034,0.50739,0.39844,4.80671,4.24114,0.90527,7.16984,6.57373,3.73762,2.8671,10.32916,7.02686,5.35191,5.45283,3.60865,5.63138,4.04819,5.2425,5.49877,3.12516,2.97067,3.45994,3.35364,3.66267,5.57357,4.76008,6.27775,6.26798,3.51878,3.17349,1.46553,2.6453,4.91354,5.93446,1.23201,5.87623,8.01063,1.9911,3.16763,2.39504,8.86839,3.78519,4.33076,3.51439,8.3814,4.24441,3.83317,9.77174,0.966,6.12002,4.33888,2.8332,5.66024,1.73344,1.2593,6.24553,2.43909,7.13727,8.80759,1.86416,7.68197,6.82168,3.97326,5.53836,NA
6.4584,4.77432,6.21803,1.1476,1.15133,2.55328,2.85083,2.03619,7.0188,1.84131,4.81515,1.23532,3.15582,5.87261,0.96462,3.44349,2.17916,8.66501,2.70077,2.52341,0.94073,4.70255,4.80188,5.4425,4.15168,6.71791,4.16172,3.47869,0.83046,0.42381,5.18993,1.7407,0.2937,6.77565,5.8727,3.73044,2.86501,10.71306,6.23383,5.1663,5.65431,3.83669,5.90325,4.49655,5.93633,5.1899,2.81356,3.17165,3.87779,2.92805,4.00455,6.35673,4.49603,7.31041,5.95181,3.89713,5.55467,1.56004,3.7573,5.91375,6.15194,1.57353,6.29487,7.43274,1.92134,2.06381,2.13497,9.33625,4.75677,4.72173,4.21821,10.34287,4.48998,2.3414,10.30648,0.20043,6.20782,3.8634,2.04942,5.94459,2.39014,0.90261,6.6705,2.70162,7.21064,8.89678,1.64385,7.68195,4.57553,4.72409,6.72142,NA
6.48212,4.92416,5.54471,0.69482,1.0959700000000001,2.01403,3.94189,2.37286,6.81903,2.18022,6.32541,1.2781,3.00637,6.33363,0.73111,4.20118,3.97034,9.20457,2.60898,5.47357,2.2504,4.75233,5.35103,5.67918,3.50889,5.98678,3.58545,3.48801,0.52691,0.66635,4.83958,3.80036,0.78045,5.54038,6.94965,3.5975799999999998,2.92125,10.28362,6.32486,5.30258,5.32834,3.84439,5.33882,4.08584,5.1543,5.22829,2.33286,2.77774,3.21185,3.36987,4.12387,5.26788,4.55462,7.28904,5.76664,3.62737,3.12378,1.49201,3.68003,4.86454,6.13756,1.53721,5.79803,7.52128,1.79114,3.06303,2.36221,8.84241,3.84327,4.53446,3.91807,6.4626,4.11227,3.57881,10.0665,0.54735,5.81334,4.35952,2.89148,5.89,1.66081,0.80043,6.67135,2.37791,5.8648,9.01389,1.39066,7.62208,5.67487,3.94492,5.49319,NA
6.22441,5.37206,5.77816,1.86174,0.82715,2.22158,2.10262,2.74002,7.11481,2.48984,6.19542,1.67202,2.78748,5.9846,0.89398,3.38565,4.67549,8.96392,2.94501,6.66016,2.34049,4.9186,6.24403,5.84361,3.86113,5.72645,3.6239,3.65893,0.94418,0.95822,4.61786,3.78058,1.50936,5.36649,7.07362,3.59852,2.7954,10.14945,6.08952,7.10632,5.44558,3.67913,5.52706,4.15224,5.3869,4.75497,2.65141,3.27379,4.73261,3.24532,3.88894,5.48287,4.81586,6.26205,6.12104,3.54903,1.94838,1.04635,3.31329,5.02718,5.93082,1.63401,5.85797,7.75405,1.83832,0.81166,1.92742,8.64791,3.70178,4.6404,3.34675,7.91091,4.48118,3.9595,9.58086,1.27798,6.46205,5.006,2.61575,5.86196,1.83683,0.97435,6.76666,2.38682,5.98204,9.169,2.05292,7.56523,5.01988,3.96303,6.63992,0.17097
6.29584,2.95789,4.93052,NA,0.58028,2.32727,0.81289,0.85201,5.24249,1.53349,3.36342,0.69138,1.92211,4.95385,0.28496,2.88611,0.16841,8.404,1.70317,NA,NA,5.19552,NA,5.69767,3.9268,7.46857,4.1444,3.00187,NA,NA,4.89945,NA,NA,8.5341,4.83004,2.76887,3.42985,7.88677,4.57581,0.17701,5.09158,3.42726,4.68273,3.82091,5.58762,1.96982,3.66684,3.67289,2.93303,2.20801,2.42568,5.55494,3.72791,7.20844,5.43108,3.20785,1.33165,0.60034,2.16128,4.60481,5.38203,1.03882,2.88355,4.77458,0.63335,0.70023,3.05906,8.43692,3.83474,3.45216,NA,9.36647,4.0446,0.78348,5.41662,0.21478,6.2958,1.10053,0.17239,5.05571,3.19976,NA,6.15717,2.59838,8.49612,8.04543,0.75982,7.64446,4.78331,4.6591,1.05808,NA
6.63602,4.1392,5.78646,0.34534,1.28561,3.34388,4.14755,2.38373,6.25513,2.01048,4.84089,2.38124,4.6545,5.75136,1.13709,4.46927,2.662,8.34302,2.59879,3.14794,NA,4.95837,5.17806,5.37005,2.81612,6.83935,4.4145,3.06935,0.67709,0.15027,4.49491,2.38915,NA,7.48381,5.94163,3.50299,3.61395,10.22242,6.12376,5.66399,5.5374,4.18157,6.08301,4.18227,5.18173,6.4105,2.35907,3.23737,3.77697,3.07252,3.32885,6.15886,4.37326,8.1842,6.12868,3.55545,6.13488,1.73981,3.46787,4.91868,6.06131,1.65084,5.73571,8.21511,3.12665,2.09835,3.48457,9.52948,5.21011,4.12473,3.48067,9.81422,4.66528,2.58827,10.96234,0.46957,5.77846,3.53807,4.12675,5.65912,2.91697,1.75184,7.06859,2.38558,7.1677,7.9414,2.54257,7.81351,5.32599,4.43578,9.1229,NA
5.938,5.02603,6.75984,5.28848,1.65246,2.2611,3.49713,3.1911,6.00647,2.63559,6.31024,2.27041,3.50802,5.79647,0.72804,3.43333,5.25481,8.97658,2.45011,7.95787,5.3996,4.48529,8.03971,5.35119,2.49965,5.36782,3.69379,4.08098,0.87103,0.93603,4.60463,4.72169,0.92908,3.44992,7.35364,2.79277,2.46598,10.14139,6.75527,6.74717,5.54222,3.3765,5.9801,3.6816,4.58142,4.56509,2.68635,2.84158,3.96276,2.01051,5.04913,4.43539,4.32442,8.36327,5.23456,3.077,1.89863,1.79989,4.29704,4.52788,6.03307,1.4679,5.48248,7.78775,2.58119,1.08609,2.61502,9.26878,4.26046,4.00533,3.42987,5.91579,3.92539,3.51334,10.76236,1.7253,4.90939,5.45022,3.5313,5.45456,1.92607,0.5379,6.84713,2.90561,4.84826,9.32605,3.46423,7.82179,6.10073,3.58346,5.81549,NA
5.8657,4.18087,4.793,0.25521,1.1662,2.47884,2.7443,2.24278,6.10892,1.91692,6.01001,1.57685,3.77287,5.60309,1.19408,3.43172,3.34334,8.87993,2.20085,4.84558,NA,4.63182,5.2987,4.83338,2.29403,5.95349,3.54967,2.56499,0.37118,0.69478,4.76925,3.61873,0.52401,7.69044,5.80684,2.87353,2.9464,9.40346,5.15651,5.4954,5.10138,3.14409,5.54549,3.81139,4.93065,5.41196,2.4207,2.92891,3.65123,3.14528,3.87499,5.06146,4.06806,7.99887,5.3614,3.1545,3.87658,1.37547,3.6377,4.15732,6.01699,1.15329,5.7506,7.97995,2.51857,1.42714,2.69163,9.10111,4.06217,3.74845,3.73833,6.79868,4.0425,2.75464,10.32237,0.39347,4.8527,4.16304,3.654,5.49015,1.98828,1.59278,6.81343,2.66136,7.49063,10.42685,1.94891,7.97102,4.07951,3.44581,6.11313,NA
6.35951,5.42579,6.60988,1.78778,2.0492,2.87545,4.48796,2.97774,6.82169,2.94044,6.80084,2.09114,4.35155,6.18669,1.24771,5.27329,5.75267,9.32035,2.75121,7.1837,3.61411,4.94665,7.10027,5.61407,3.20023,6.3098,4.34456,3.59121,1.24358,1.94344,6.80638,4.50065,1.69977,5.84957,7.01812,4.34684,2.96278,10.55945,6.07309,6.05307,5.94865,4.08857,6.37586,4.81626,5.28931,5.76115,2.87775,3.47181,3.9246,3.07291,4.22518,5.62419,5.741,7.69972,5.77222,3.98558,2.68238,2.01422,4.66909,4.92077,6.31924,1.41019,7.29285,7.76596,1.85658,2.45662,2.76217,9.66309,5.3391,4.37507,3.7913,6.61255,5.11185,4.25146,11.57303,1.41718,5.54747,5.26682,4.21749,6.03892,3.11235,1.29297,7.64602,3.51726,6.82927,9.48865,3.108,7.6517,5.76124,3.93842,8.74093,0.27957
6.46568,3.9137,5.75313,0.19913,0.68179,2.01329,4.38694,1.73872,5.87837,1.9986,3.61762,1.34168,2.72149,5.41417,0.92692,3.20601,2.01794,8.7518,2.82367,2.00145,NA,5.05462,4.79908,6.082,3.16983,5.98495,4.12334,3.01771,0.57621,0.11091,3.48755,1.65033,NA,7.85188,5.61669,3.53719,2.84818,9.38117,7.11969,4.0197,5.57728,3.89968,5.88728,3.64511,4.77676,5.19217,2.64388,2.89206,3.62187,2.95796,3.60439,5.85688,4.59124,7.32851,6.26965,2.95901,3.76496,1.09464,2.16378,4.78875,5.43701,1.94022,5.88751,7.43825,1.45702,3.16975,2.36327,9.54255,4.74626,4.11772,3.18318,9.88519,4.19703,2.33398,9.88413,1.14304,6.00833,3.58616,2.13393,5.43063,2.33791,1.42501,6.66425,2.64712,7.69229,8.43738,1.75902,7.91744,7.12876,5.16923,7.67573,0.09683
6.42381,4.62983,5.34721,0.44719,0.60888,2.17832,4.8597,2.29844,6.14436,2.14682,5.50608,1.40282,3.28003,5.95664,0.92481,2.80686,3.21042,8.60503,2.63854,3.5114,0.27277,4.90215,4.79586,5.75026,3.22369,6.07303,3.48077,3.45472,0.31589,0.24493,4.05992,3.34868,0.07035,7.20046,6.4834,3.29448,3.17363,9.81946,6.3299,4.90311,5.4277,3.78174,5.34472,4.4716,5.10339,5.4691,1.66492,3.33791,3.3903,3.41823,4.34981,5.14221,4.44257,7.1349,5.86245,3.27303,3.35493,0.98899,2.7308,4.70005,5.76883,1.70579,5.95692,7.88689,2.34974,5.13044,1.87431,8.66294,3.75935,4.43755,3.39769,6.66205,4.14407,3.22082,10.23223,0.15987,5.91269,4.06885,2.45436,5.67901,1.72756,1.30293,6.64178,2.45568,7.38171,8.95812,1.41456,7.44051,5.73805,4.45625,6.41781,NA
5.46234,5.28691,6.83145,4.02335,1.34151,2.08714,1.13859,2.96422,6.70437,2.78623,5.71105,1.52937,2.11106,5.66739,0.75436,4.32066,4.45576,8.56823,2.3838,7.82229,6.34121,4.72868,7.38801,5.86423,3.32821,5.27725,3.32989,4.03405,0.61096,0.66203,4.03282,4.33701,1.22574,1.86112,7.20699,2.84975,2.288,9.8816,5.62364,7.85669,5.45915,3.27137,5.64787,4.01203,4.64369,4.1891,2.03844,3.35681,3.22241,1.80251,3.49065,4.35589,4.73505,8.01769,5.3624,3.01472,1.61644,2.7903,4.27071,5.19026,5.92863,0.99928,5.27685,7.79627,2.26793,1.1352,2.13255,8.51389,3.08727,4.10608,3.32507,5.074,3.84757,3.88186,10.0253,0.92472,5.69755,6.03695,2.5196,5.44404,1.58714,1.61052,7.02602,2.76358,4.38537,7.82563,2.71509,7.78591,4.32647,3.70075,4.67185,0.22051
5.82876,5.15712,6.22594,1.48595,1.33784,2.18398,2.4865,3.36378,6.15866,2.42062,6.64098,1.24032,3.14265,5.40252,0.84566,2.58692,5.79739,7.7311,2.76236,7.8075,4.12457,5.03411,8.28462,5.91428,3.12212,5.67112,4.48895,3.48592,0.21783,1.01698,3.7906,4.99452,1.18322,4.33868,6.73714,3.18953,2.2688,9.5611,5.40216,7.50157,5.19991,3.79436,6.45871,4.05181,4.76908,4.85892,3.22913,2.64386,3.71002,1.95629,2.78634,4.79687,4.82292,7.89716,6.4286,3.25896,2.0723,1.8088,2.52453,5.24946,6.11259,0.98062,6.72382,8.18161,3.05307,1.40044,2.11762,9.67411,5.16965,3.98808,2.94368,6.17728,3.97516,4.2095,9.06019,1.33782,5.95251,4.59964,2.49335,5.4101,2.4417,1.0302,6.71905,2.22798,5.30037,7.31399,2.43254,7.47911,4.23476,3.69254,6.05909,0.08898
6.11777,4.9345,5.48612,1.4354,1.55455,3.07261,2.90884,3.32147,6.63033,2.14081,6.03465,0.92531,2.99693,5.9206,0.72816,3.38903,4.98896,8.31312,2.90655,6.81681,1.75052,5.09161,6.2422,6.42593,3.20888,5.72881,3.88745,3.04825,0.43037,0.65130999999999994,3.69328,4.83916,1.23867,5.85849,5.69708,3.17537,3.0538,10.27539,6.50305,7.17519,5.34836,3.8481,5.87735,4.06713,4.84882,5.67632,1.41662,2.68231,3.42516,2.362,2.90733,5.31667,5.10387,9.20431,5.96881,3.2856,2.91864,1.62607,3.11152,5.46271,6.22156,1.22609,5.77009,8.43654,3.5199,2.51523,2.15432,9.17807,4.15523,4.09367,3.4327,8.2896,4.35203,4.21906,9.84215,1.04774,6.19818,4.74087,2.54599,5.73323,2.36591,1.37044,6.74843,2.37539,6.00167,7.71881,1.68265,7.67715,5.95469,3.9747,6.77865,0.35841
5.84724,5.59974,7.04784,2.855,1.56173,3.53778,2.71705,4.29345,6.46126,2.90062,7.10292,1.85638,3.75403,6.43541,0.79716,2.95706,6.06934,8.15292,2.94999,9.56363,10.41362,5.11579,8.98363,6.35162,3.11882,6.25266,4.87759,3.90098,0.62928,1.02744,3.24133,5.74887,1.18899,2.33481,7.51896,3.14973,3.47253,10.28371,6.52239,8.16089,5.43353,4.3041,6.49604,3.85514,4.73085,6.0895,1.47749,2.89408,4.61664,2.53128,2.50737,5.13367,4.88784,8.88609,5.92077,3.02765,2.43137,1.44767,2.70473,5.67555,6.29421,1.56675,6.17172,8.43318,4.25189,1.36281,2.32953,9.84169,5.57149,4.09432,3.04664,7.05182,4.37442,4.2892,9.80082,1.21235,6.0429,4.5552,3.35397,5.38498,2.65969,1.03917,6.65095,2.09752,5.02457,7.7908,4.80988,7.34859,6.23313,3.94296,7.38324,NA
5.67428,5.2579,6.75528,2.35554,1.12946,2.21436,4.13118,3.62244,6.34791,2.86462,6.42142,2.11963,2.82103,5.56838,0.79543,3.16483,5.17797,7.96185,2.49089,8.84158,7.28472,4.33126,8.05908,5.52557,3.49042,5.7596,3.89195,3.55601,0.28004,0.61123,3.63457,4.98542,1.15756,2.34018,7.15607,2.74569,2.58693,10.24753,5.3223,7.55985,5.03705,3.88442,5.74484,3.98158,4.1982,5.19069,1.69449,2.18319,3.28575,2.40764,3.03815,5.19572,4.31537,7.61087,6.23974,3.08386,1.66294,1.67477,2.6752,4.82627,6.06583,1.2556,6.00688,8.16985,3.27545,1.30404,2.55915,8.83985,3.84967,3.87109,3.866,8.15942,4.05966,3.92992,9.74757,1.7891,5.45368,4.60352,2.66231,5.35545,2.19397,1.07959,6.23356,2.50051,4.47237,7.75141,3.40183,7.0802,4.3005,3.46377,5.21981,0.07462
5.93261,5.14819,5.98776,1.55062,0.98455,2.40293,1.05041,2.95368,6.50446,2.53779,5.84263,1.1177,2.47119,5.58008,2.09766,3.52257,4.84638,8.08369,2.64265,7.27309,3.71902,4.67141,6.77254,6.33458,3.16717,5.85635,3.67174,3.20016,0.19668,0.6598,3.61502,4.29462,0.99952,4.05042,6.53145,3.12743,2.24972,10.17571,6.0252,6.18182,5.10972,3.85861,5.96503,4.1685,4.71423,4.63413,1.75515,3.1193,3.31077,2.14513,3.11458,5.6479799999999996,5.15,7.24623,5.90435,3.1126,2.04553,1.40438,3.01715,5.26147,5.86106,0.93627,5.9486,8.08258,2.84428,0.85953,2.10679,9.03994,3.81819,4.25084,3.16131,8.99757,4.21337,3.9825,9.88784,1.40626,6.29509,4.96597,2.32942,5.47987,1.74099,1.7556,6.8133,2.15305,5.04253,7.9243,1.88037,7.37086,5.47481,3.7931,5.42418,NA
5.95711,5.41486,5.76366,2.08307,1.86348,2.69288,1.24518,3.16826,6.8892,2.36783,6.23743,1.02559,2.89503,5.84069,1.5798,3.59412,5.07602,8.33394,2.85198,7.25585,2.70976,4.98215,6.80468,6.17366,3.96306,5.89029,4.09538,3.10194,0.72503,0.30128,3.82251,4.58713,1.1226,5.51743,5.95598,2.94737,2.47866,10.43276,6.53169,6.59124,5.34824,3.79711,5.99115,4.13579,4.95837,5.1651300000000004,2.42581,3.45439,3.65698,2.58104,3.60847,5.05887,5.16928,7.34193,6.05612,3.29269,2.38191,2.05657,3.17978,5.3161,6.08617,1.11077,7.15182,8.07346,2.59132,1.03345,2.386,9.13855,3.97174,4.43515,3.13297,7.39869,4.77226,4.14483,9.9501,1.54147,6.0699,4.86029,2.43704,5.57316,2.18369,1.28085,6.58944,2.70625,5.7427,8.15363,1.37643,7.61332,5.3968,3.96269,5.79676,NA
6.31089,4.41751,5.635,0.43116,1.79796,2.22911,1.51058,2.04323,6.14105,2.07291,5.16482,1.06417,2.59857,5.82938,0.46317,3.07801,2.99937,8.4571,2.86355,2.26128,NA,5.00602,4.82549,6.04005,3.23428,6.22923,3.80199,2.84421,0.05931,0.37154,3.38933,1.9809,0.31186,7.38205,4.55057,3.19713,2.5188,9.52249,5.89203,5.70025,5.22871,3.68458,5.72834,4.31851,4.7744,4.93119,1.92061,3.13744,3.49768,2.59739,2.5859,5.40356,4.61513,8.12666,5.83199,3.12006,3.86328,1.52352,2.61265,5.34269,5.84025,0.9903,6.26369,8.14122,2.30794,1.29291,1.98335,9.19564,4.28795,4.32783,3.27471,9.27712,4.23912,2.84955,9.58606,1.65078,6.38914,4.5199,1.90131,5.48718,1.78241,1.26253,6.87554,2.73194,7.11832,7.81792,1.31321,7.59647,5.06285,4.87464,6.68067,NA
5.36901,4.53175,5.42205,1.23801,0.8745,2.49828,1.2641,3.48864,5.77498,2.64495,5.87364,1.3972,2.35662,5.16366,0.46153,2.572,5.10707,7.53544,2.8023,7.15948,2.12328,4.77467,6.90146,6.36139,2.6485,5.64915,3.9589,3.41704,0.24758,1.09577,3.18104,4.20642,0.50523,3.85264,5.08354,2.70505,2.51392,9.77739,6.55577,7.65426,4.67421,3.45206,5.67379,3.74062,4.64512,5.53445,2.00226,2.77829,3.34454,2.10376,2.68464,4.80526,4.87371,8.70203,6.06471,2.55066,2.7391,0.73705,2.57809,4.78157,5.80902,0.95499,5.33495,8.20738,2.64768,1.2328,2.10315,9.13713,3.96787,3.90827,2.75843,6.39328,4.30119,3.91536,9.61637,1.28501,5.85409,4.90825,2.43297,5.07152,2.06554,1.39807,6.24453,1.97614,4.88341,7.85407,2.39212,7.19513,6.12585,3.92804,7.3066,NA
5.47069,5.12468,6.78276,2.65864,0.93383,2.00605,1.60734,3.24149,5.95599,2.72778,5.68914,1.46306,2.49234,5.56252,0.74307,2.82912,4.82453,7.92174,2.72765,8.16349,5.90412,4.3442,7.80149,5.76028,3.09304,5.50048,3.42215,3.86012,0.63708,0.46137,3.5007,4.64335,0.93867,1.87638,7.26554,3.02884,2.39294,9.48524,5.71886,7.91787,5.23532,3.59842,5.68756,4.00217,4.52604,4.38809,1.77553,3.04306,3.04379,2.43059,3.22743,4.34915,4.9496,8.09484,5.90212,3.06175,1.59287,1.3194,2.75248,4.83954,5.82489,1.06349,5.60665,7.90688,2.33951,1.09196,2.31199,8.92502,3.91426,3.87927,3.02829,4.95948,4.03902,4.10467,9.30125,1.10222,5.91764,5.61892,2.62187,5.14046,1.53899,1.20336,6.46438,2.58472,4.71523,8.45075,3.147,7.04632,4.59471,3.51456,4.99868,NA
5.77641,4.58161,5.33688,2.27961,0.85055,2.34663,1.1905,3.42786,5.53132,2.40821,5.68616,1.05548,2.51783,5.48624,0.76142,2.6454,5.0098,8.13002,2.73166,7.41499,4.24177,4.82113,6.76838,6.25061,2.82739,5.9987,3.88942,3.18145,0.12255,0.45321,2.83819,4.63572,0.50769,3.94998,6.24733,3.42621,2.68222,9.03213,5.81473,8.24304,5.19949,3.78234,5.6743,3.56272,4.6367,5.38431,1.81458,3.00524,2.71222,2.11823,2.34355,4.55347,4.84118,9.32844,5.75973,2.7725,2.15512,1.06849,2.51419,4.94065,5.56127,1.11546,5.15633,8.12135,2.93541,0.73936,1.80073,9.02544,3.86287,4.10829,3.32935,5.27801,4.09251,4.24503,9.04872,1.1797,6.43705,5.1061,2.65803,5.38069,1.76513,1.27087,6.43654,2.03214,5.15112,7.40473,2.18953,6.72685,4.8865,3.66335,6.32906,NA
5.92693,5.24609,6.90826,3.25012,0.97907,2.10871,1.49221,3.49594,6.35129,2.90807,6.08454,1.45181,2.41955,5.53699,1.00418,2.96538,4.98877,8.01398,2.86254,8.35566,6.95536,4.81822,8.00105,6.20303,3.27355,5.66413,3.8024,3.98937,0.45433,0.66783,3.5318,4.74031,1.55477,2.36776,7.46264,3.23305,2.35362,10.01335,5.64223,8.11168,5.65037,4.13652,5.73296,4.11534,4.79732,4.86923,2.03173,3.11135,3.45094,2.02124,3.64385,5.04971,5.33239,7.73039,5.76833,3.30699,1.67348,1.80745,3.05819,5.05126,6.03111,1.38417,5.55226,7.94843,2.99765,1.68846,2.3673,8.8883,3.83467,4.42329,3.19922,6.54348,4.17644,4.26506,9.59171,1.45806,6.00968,5.74667,2.80445,5.57086,1.95925,1.17978,6.97392,2.6031,4.94774,7.62366,3.60681,7.17147,4.74403,3.93721,5.69381,0.24968
6.82181,4.61613,6.21452,1.35869,0.73021,3.49851,1.17371,3.30449,6.04133,2.4719,6.67169,2.31563,5.15346,6.29976,0.7418,3.18556,4.42582,8.17522,3.90533,7.44436,7.29143,5.4955,6.44039,6.57343,3.08643,6.79716,4.30601,3.71229,0.29318,0.18367,3.73479,5.0794,1.56317,4.28705,7.02129,4.61525,3.10932,9.4425,6.67831,7.83721,5.7848,4.74391,6.2415,4.53298,4.85544,6.03013,1.71294,3.14156,3.35604,3.18499,3.03046,5.22754,5.30628,9.00261,6.17217,4.1693,2.82305,1.67519,3.92451,5.46276,6.12511,1.96678,5.81358,8.61934,3.17838,1.35264,3.52453,9.8285,4.93875,4.54582,3.42144,7.25877,4.51687,4.41193,8.86798,0.74852,6.95448,3.566,4.12814,5.87327,2.60147,1.52006,7.5921,2.51128,5.25775,7.83468,1.75521,7.0708,5.73317,4.02114,3.32037,NA
6.22483,4.69844,6.80753,2.9674,0.99115,2.91115,2.36952,3.45478,5.62743,2.53255,6.01374,2.19838,3.82005,5.70394,0.57735,1.95731,5.00728,8.04026,2.58052,7.91734,7.2352,4.8372,7.81091,5.8368,2.44444,5.90258,3.96093,3.91834,0.39392,0.34053,3.39873,4.84066,1.08894,3.30573,7.06245,3.41333,2.61145,9.78771,5.72658,7.39608,5.48425,3.88438,5.89009,4.16278,4.5184,4.90084,1.75345,2.95657,3.66097,1.88521,3.14434,5.08393,4.42633,8.59031,5.90912,3.23581,2.11619,1.66673,3.41255,4.70708,5.79001,1.24546,5.24495,8.2206,3.11882,1.47724,3.01668,9.06568,3.86737,4.00271,3.43216,7.50625,4.11172,4.1187,9.91176,1.73639,6.03903,5.55,2.93234,5.37061,2.12199,2.64392,6.9739,2.40393,5.05392,7.48516,2.86975,6.53003,4.22478,3.5886,5.30845,NA
5.92055,4.99104,6.76397,2.66989,1.08173,3.07385,1.02324,3.97881,6.14571,2.70566,6.59721,2.81927,4.14107,5.64894,0.84363,2.25852,5.5942,8.09061,2.6131,8.88768,6.65583,4.64864,8.71618,5.92503,2.45368,5.92966,4.37521,3.99827,0.54693,0.95418,3.80259,4.71523,1.23645,2.36981,6.73636,3.20129,2.88482,10.39017,5.85282,8.37022,5.38424,4.05263,6.05176,4.61406,4.50787,5.08779,3.16516,3.05584,4.20623,2.34323,2.62258,5.33256,4.67106,8.50914,5.74554,3.37845,2.025,2.49314,3.77914,5.12659,6.24665,1.53772,5.82687,8.17573,2.94118,1.21022,3.33534,9.30815,4.52053,4.1423,2.77076,5.24443,4.12831,4.10341,10.33343,1.20002,6.17325,5.47853,4.2731,5.31895,2.17451,1.26423,7.13281,2.72273,4.68383,7.23775,4.00182,6.92629,4.73878,3.78794,6.72093,NA
6.29845,5.23595,7.0209,3.08725,1.44123,3.30135,0.75318,3.93043,6.50435,2.89741,6.84325,2.71247,4.50445,6.20621,1.42591,4.08951,6.24171,8.5216,2.56081,8.7656,6.87851,4.85268,8.76799,5.87716,2.85412,6.13065,4.63272,4.10395,0.83095,1.4556,4.77719,5.26105,1.39278,3.46944,7.37098,2.78081,3.07634,10.33839,6.06646,8.2614,5.98679,4.04952,6.42594,4.37917,4.7893,5.5844,3.1879,3.23688,4.74544,2.70562,3.51281,5.42537,4.98119,9.38139,5.57785,2.96507,2.41172,1.75383,4.10083,5.14334,6.29297,1.49816,5.85137,8.27583,3.08102,1.07392,3.43389,9.69437,5.10798,4.24056,3.13441,8.53533,4.51572,4.19491,10.80695,1.95955,5.98198,5.76348,4.1136,5.42876,2.88147,1.79487,7.50729,2.87187,5.33295,9.24178,4.617,7.74547,4.32617,4.10477,6.79828,NA
5.5758,4.66149,7.27056,2.05849,1.06916,1.9667,1.06473,2.47911,6.12807,2.90485,5.82835,1.48467,2.62972,5.75962,1.19283,5.24485,4.91408,9.60346,2.50177,7.57606,5.73809,4.27258,7.76404,4.96377,2.45394,4.24074,3.84477,3.32674,0.55635,1.08754,6.71691,4.0849,1.25616,3.46325,6.89747,3.54341,2.50445,10.21764,4.79818,5.02685,5.78305,2.99081,5.80607,5.19468,3.46276,4.84966,1.50888,3.08667,4.18626,2.32091,2.07289,5.30535,4.7157,7.6339,6.3397,3.84045,1.14111,3.78937,4.67169,4.79457,5.95116,1.1809,7.34183,7.49467,1.79029,0.97527,2.09145,9.03401,3.97323,3.89785,2.7136,7.43032,4.29367,3.78655,10.08604,1.26587,4.69687,5.64073,3.10857,5.7256,1.67959,0.52967,7.46792,2.80632,4.8901,6.87093,2.9278,6.80625,3.52732,3.35629,5.66089,0.39381
6.50635,2.6637,5.44706,0.34945,0.99919,3.05137,1.47965,1.60594,5.73786,1.6310500000000001,2.35045,0.99629,5.15423,6.01643,0.64609,1.61404,0.82756,7.75999,2.25848,NA,NA,4.62804,2.14484,5.87485,1.95119,7.51493,4.43349,2.92704,0.07027,NA,4.36152,0.77977,NA,7.0759,4.59239,3.46973,3.6648,10.14333,6.35309,2.80806,5.45562,3.73546,5.66035,4.37907,4.63149,4.45948,1.75115,3.36399,3.9759,2.16759,2.33805,5.36928,4.36703,9.57976,5.7555,3.13427,3.39841,1.05096,3.57518,5.01352,5.44655,1.21947,6.92232,8.34301,2.0847,0.64581,2.63921,9.07657,4.41253,3.91882,1.7378,6.32976,4.33261,1.14736,10.70036,0.52055,6.03563,2.47541,1.81332,5.49086,3.27325,1.47319,7.23946,2.58821,7.37912,8.77739,0.96123,7.3336,5.86945,4.72004,4.67818,0.11603
5.92051,5.02063,5.74835,2.8437,1.48526,2.72118,2.07343,3.2074,6.27287,2.51602,6.40894,1.33111,3.52648,5.91869,1.24336,2.93037,5.1949,8.15407,2.93465,7.35209,4.17043,4.97682,7.06165,6.28187,3.47017,5.20041,4.17749,3.55202,0.92073,1.32213,3.85839,4.39147,1.57749,4.82757,6.33574,3.49263,2.26819,10.01559,6.19009,7.92595,5.16215,3.63368,5.83067,4.89846,5.10816,5.21694,2.56759,3.27491,3.5958,3.01188,4.00418,5.8224,5.30076,6.05976,5.89143,3.4063,1.9233,2.17379,3.3356,5.36302,5.99604,1.71702,6.10215,8.03951,2.58437,1.28495,2.47942,9.14557,3.98944,4.52097,3.49424,9.42879,4.63655,4.21681,9.6141,1.91704,6.25125,4.94869,2.21418,5.83472,2.29987,2.33855,7.39488,2.90834,5.69023,8.54923,2.92057,7.60392,5.07596,3.79935,7.84801,0.37481
5.33782,4.95549,6.27444,1.96939,1.03382,1.63908,1.285,2.32741,7.01155,2.43896,6.23755,1.14599,2.60539,6.39754,0.65079,3.82075,4.85284,9.84963,2.56067,6.82093,2.29833,4.37848,6.56073,5.64035,3.0175,5.03094,3.29327,3.87058,0.46749,0.83756,4.47245,3.85559,1.36441,3.91427,5.89379,3.23682,1.85825,9.67111,5.65943,5.58442,6.98895,2.99665,5.4085,4.44744,4.30527,4.37821,2.76919,2.98097,3.96621,2.79447,2.96453,5.12849,4.5577,6.86753,5.41211,3.35454,1.23864,4.28305,4.04122,4.73855,6.05518,1.19401,6.11484,7.3958,0.97183,1.06973,1.99968,9.02098,3.90836,4.4535,3.03916,7.5227,4.00432,3.88959,10.09696,1.6467,5.51327,5.15028,2.16283,5.77711,1.23361,1.17249,7.39571,2.65862,4.75831,8.62285,2.28621,7.66,4.61862,3.24063,5.51897,0.13377
5.83857,5.00591,6.3016,0.88549,1.2457,1.94497,3.46312,2.64625,7.23782,2.12869,6.87818,1.26869,2.88478,5.82977,1.34213,6.06021,5.00471,10.63395,2.59923,8.1252,2.16021,4.59807,6.70524,5.00182,2.72643,5.41964,3.52717,3.36039,0.95824,1.1269,5.65117,3.77972,2.1709,6.63304,6.80465,2.92641,2.888,10.13411,6.06588,5.16209,5.4962,3.29292,5.72904,4.14346,4.24131,5.62654,3.89492,2.7587,3.94979,3.0387,4.53374,5.15471,4.52385,7.6243,6.41025,3.93598,2.3428,3.15763,4.81007,4.64702,6.18659,1.07501,6.99477,7.43423,1.66474,2.5389,2.92556,8.90314,4.30165,4.72094,3.75635,7.5738,4.66496,3.34724,10.04258,0.47101,5.41018,4.6608,2.49255,6.03476,1.67165,0.18415,7.78839,3.02312,6.81562,8.77846,4.26626,7.92948,5.13859,3.79853,7.22867,0.09458
5.66395,4.17267,5.06419,0.89099,1.07046,2.38325,3.34602,2.59401,6.03336,2.31687,6.51579,1.7456,2.88654,5.68259,1.24205,2.76437,4.49487,8.58614,2.57164,5.53686,1.34367,4.86312,6.41725,5.53106,2.44623,5.34483,3.84813,2.95827,0.23131,0.61966,3.09768,3.74253,0.789,6.29431,6.19867,2.89585,2.73803,9.58295,5.58984,5.67444,5.0387,3.58685,5.66872,3.54665,4.53811,5.60573,3.48724,2.52914,3.30326,2.42438,3.36522,5.40905,4.40562,7.33978,6.53659,3.00703,2.68124,1.60851,2.75294,4.58081,5.79465,0.99964,5.48331,8.31178,2.61125,1.85672,2.153,9.34823,4.26793,4.09518,2.76809,8.60031,3.98987,2.98414,9.99895,1.09854,5.67326,4.0389,2.52013,5.54366,1.49539,0.99582,6.47651,2.57,6.45622,8.34721,2.07833,7.0088,5.06284,4.16829,8.37387,NA
5.66994,2.69593,5.62768,NA,0.7663,1.69545,NA,1.07059,5.39598,1.61339,3.25655,0.91877,2.05444,4.72796,0.41009,3.39398,0.77443,9.15608,1.58309,0.6706,0.68269,4.80201,0.9854,5.47539,2.62399,7.61188,3.80083,2.52063,0.23883,0.02192,4.40012,0.32109,NA,7.0065,5.14184,2.44685,2.62859,8.89365,6.08393,0.832,5.22833,3.15226,5.49335,3.76508,4.8522,1.34536,2.71307,3.11737,3.33387,2.68886,3.47075,6.40295,3.80498,8.02115,5.12942,2.88969,1.82184,0.24606,3.51701,4.43857,5.32859,1.00141,4.11561,5.93626,1.10863,NA,2.66388,9.42544,4.98332,3.71923,0.54332,10.77779,3.76736,0.81926,8.87051,0.36903,5.48238,1.35483,2.11477,5.61347,2.32943,1.96478,6.42188,2.43952,6.72814,8.45658,0.84707,7.47703,6.37081,4.29287,1.29988,0.10919
5.97649,3.48555,5.72166,1.00721,1.24121,2.42338,2.88492,2.11544,5.57671,2.39944,4.55526,1.63926,3.63752,6.19084,1.74224,3.69669,2.49285,8.81391,2.74311,2.50227,2.09195,4.54595,5.23773,5.2805,2.57645,6.22699,4.04607,3.00027,0.85969,0.97143,5.86276,1.8519,0.45704,6.97624,5.70333,3.1219,2.98627,9.71826,5.65735,3.89319,5.14576,3.51529,5.51502,4.5336,4.78813,5.41515,3.92055,2.90505,3.67915,3.36796,4.3176,6.25106,4.37853,7.51172,6.09331,3.51907,3.61039,1.7199,3.94444,4.64824,5.66138,1.60903,5.30135,7.96335,2.45579,1.33747,2.75698,9.03624,4.29535,4.09514,3.15451,10.13731,4.21722,1.67132,10.0481,1.40964,5.15646,4.05458,2.16485,5.29578,2.20213,1.77572,6.99063,2.68733,6.92172,8.04891,1.99429,7.64362,4.55619,4.38729,8.52306,NA
7.00735,4.95885,6.44983,0.76413,1.07061,2.02357,2.71514,2.05724,6.98774,2.46588,5.74148,1.02034,3.93425,6.2938,0.8256,5.9757,3.2718,8.87921,2.75638,5.1629,0.53064,4.48781,4.73711,5.42531,4.51859,6.00284,2.91823,2.72563,0.69032,2.86595,6.18936,2.83337,1.12877,7.19224,5.78947,2.54104,1.72336,9.09532,6.00224,3.3919,5.71299,3.93868,4.87623,5.07044,4.3622,4.33595,5.58607,2.84663,3.81229,2.46444,4.0318,5.50318,4.94146,6.67371,6.45239,3.39987,1.97253,1.25962,3.67914,4.41358,5.86414,0.55647,5.17737,6.72598,0.77569,2.34639,1.94764,7.94357,2.74174,4.47408,3.23163,5.60385,4.31336,3.57512,8.52651,1.20986,5.68801,4.50001,2.14159,5.96817,2.13641,0.40184,6.87539,2.63572,7.11038,8.08348,1.35999,7.66085,3.70501,4.3765,7.32329,NA
6.27778,5.59099,7.27489,2.44021,1.58351,2.74135,2.84711,3.22987,6.68647,3.50949,6.57522,1.44928,2.78175,5.77686,1.01221,3.6582,5.42668,8.79704,2.89346,8.24035,7.10597,5.36947,8.34135,6.23025,3.4414,5.65984,3.86282,4.3193,0.63335,0.85031,3.78944,4.79162,0.94807,2.79161,7.86183,2.69712,2.77536,10.60097,5.3787,6.48338,5.48822,3.79631,6.02876,3.89582,5.45379,5.3591,2.41566,3.18286,4.26852,2.56378,4.23205,6.69741,6.13146,7.43168,6.45094,3.08205,2.15826,0.75185,3.03223,5.08518,5.83892,1.05915,4.83807,8.17136,3.14312,1.40361,2.1037,9.58715,4.18312,4.48921,3.47199,9.78499,4.52923,3.99066,10.2895,1.74121,6.43415,5.46499,2.73152,5.41338,2.56764,1.92788,6.7107,2.61747,5.4109,8.89117,3.76011,7.29659,4.98649,4.02023,5.75683,NA
6.35835,7.32356,7.22634,4.02257,1.61222,1.56508,3.08578,2.91099,8.49069,3.28257,6.85361,3.87086,3.40734,5.88865,2.00614,5.30206,5.41334,8.65984,2.79664,9.1762,5.52628,4.84634,8.2939,5.4539,3.36144,5.14946,3.42713,4.75713,1.01732,1.12877,5.42372,4.69841,1.94632,3.58853,7.00586,3.44647,2.57085,11.82395,6.53416,6.91767,6.42065,3.36745,5.63044,4.81447,5.6333,5.46782,2.22849,3.31832,4.53663,2.59363,3.91478,6.216,4.97331,6.66738,5.99844,4.03284,1.61148,2.18044,4.60574,5.03236,6.60628,3.40794,8.52046,7.56532,3.23798,1.78621,3.12144,8.77217,4.26719,5.10432,3.59546,6.58867,4.68487,4.05128,9.62408,1.76139,4.44627,5.85264,2.32754,6.80757,2.41022,2.11848,7.42673,2.8735,5.78103,9.24556,5.4731,7.92875,5.64847,4.44488,6.29387,0.71763
6.18752,4.53337,5.62687,0.56371,3.18569,2.20896,1.92222,2.46158,7.08118,2.67699,5.25994,1.25603,2.342,6.27392,1.32553,5.36968,4.48969,9.50708,2.70469,6.25847,0.91205,4.98327,5.3145,5.54128,4.75204,5.61098,3.33951,3.02391,0.87245,0.7986,4.628,4.06933,0.85591,6.58822,6.35604,3.4244,2.22531,10.68085,6.51179,5.83105,5.36945,3.45048,5.26577,3.85727,6.04527,5.32333,1.82544,2.73367,3.6918,2.55383,5.1315,6.12029,5.62338,7.8341,5.65048,3.45705,2.04791,1.11543,3.56112,4.90261,5.86583,1.39242,5.17887,7.92196,2.58684,1.64547,1.80555,8.75029,3.33433,4.29768,4.18077,9.96156,4.40679,3.63193,10.07995,1.31911,6.0373,4.73482,2.03881,5.97173,2.35541,0.92785,6.64883,2.99588,7.21526,7.66405,1.64842,6.75284,5.58947,3.51385,6.34541,NA
6.34824,4.48073,5.40737,0.41599,1.14141,2.44641,4.16012,2.45504,6.31739,2.12764,5.8347,1.80289,3.75048,5.80277,0.84086,2.61657,4.18864,8.56642,2.53305,5.32862,1.30215,4.88442,5.87485,5.57513,2.63328,6.07619,4.21578,3.18598,0.36852,0.86868,3.80838,4.01028,0.68309,7.31989,6.31863,3.09014,2.61628,9.58979,6.3123,7.40664,5.4352,3.57721,5.92858,3.81591,4.71942,5.09679,1.98083,2.85927,3.33261,2.29798,4.83567,4.89976,4.56093,6.77413,6.1577,3.17914,3.16598,1.78943,3.39353,4.82326,5.77229,1.13663,5.67671,8.00073,2.12092,3.25827,2.66179,9.4215699999999991,4.66623,3.986,2.94907,6.26642,4.16559,3.69135,10.53199,0.46134,5.68684,4.74907,3.14293,5.56056,1.91153,1.44534,6.88463,2.5842,7.07962,8.59355,1.81863,7.53595,5.34652,4.13868,6.22004,NA
5.85348,4.25492,6.10458,0.38036,1.08681,2.63913,2.81086,1.99085,6.31319,1.91298,4.51579,1.32099,3.83272,5.76774,0.84884,2.8575,2.27689,8.61952,2.59004,2.37399,NA,4.66417,5.13676,5.01469,2.22669,6.17165,4.14617,2.98287,0.38809,NA,6.04229,2.028,0.37878,8.44519,5.66992,3.26712,2.67196,9.26078,5.53493,4.46433,5.22093,3.19823,5.85541,4.1341,4.69489,5.20005,2.0202,3.16728,3.2763,2.69443,4.81792,4.84883,4.15168,8.56951,6.04044,3.35698,4.08664,1.31439,3.86699,4.49967,5.80162,1.37201,5.4952,7.75336,1.79217,2.14774,2.95247,9.50239,4.79184,4.0273,3.17363,5.66933,3.94659,2.13329,10.57774,0.96611,5.01272,4.20591,2.82778,5.59143,2.43407,0.49746,7.08742,2.88594,8.07135,8.26339,2.01641,8.04105,4.069,4.1859,7.16314,NA
6.0766,4.88618,5.77191,0.73961,1.85785,3.22202,5.22032,2.7702,6.80797,2.35881,6.99155,2.28069,4.76373,6.35928,1.39571,5.15111,5.00605,9.19548,2.6061,5.39905,1.03256,4.81735,6.20349,5.33566,2.79283,5.84276,4.94124,2.89454,0.72632,2.38726,5.59423,4.26505,0.72496,7.85567,6.46493,4.46996,2.98251,9.7988,6.54796,6.03446,5.59682,3.50233,6.54871,4.45724,4.86099,5.93361,3.7152,2.80108,3.72471,3.04037,4.51953,5.65615,4.82174,8.04625,5.81714,3.23877,4.44929,1.82762,4.01468,5.10479,6.13464,1.4396,5.5695,8.18465,2.60492,3.64784,3.37793,9.82422,5.64331,4.09752,3.81232,7.82641,4.39818,3.36789,11.16887,0.89917,4.91808,4.57582,4.04443,5.69139,2.9746,1.59371,7.26683,2.82041,7.23373,8.18523,2.88853,7.78189,6.28171,4.23538,6.60089,0.01619
5.95274,5.03679,6.48645,0.69906,1.21229,2.45117,3.40968,2.5293,6.90489,2.11922,6.22206,1.48069,3.13172,6.19969,1.2107,4.89258,4.27124,8.8619,2.71929,6.29888,2.74337,5.06697,5.75722,5.63505,2.89583,6.30739,4.02917,3.62964,0.73492,0.81325,4.3631,3.93577,0.83081,5.35318,7.52659,3.05672,3.17223,9.46271,6.04668,6.25507,5.29098,3.60814,5.43665,3.99151,4.84519,5.79611,3.11466,3.03074,5.63199,4.66833,4.53305,5.46529,4.63293,7.95885,5.95452,3.11897,3.76116,1.76037,3.87803,4.68322,6.18323,1.51181,7.00064,7.93486,1.9586,1.7083,2.5658,9.06653,4.16633,4.1904,3.75892,8.21924,4.16318,3.4859,10.20894,0.57405,5.57893,4.56079,2.68913,5.98668,1.87529,0.86514,6.59816,2.75344,5.12393,9.36545,2.58644,8.1691,5.31869,3.9465,7.08176,0.20478
6.21377,4.50835,5.6275,0.5173,0.90644,1.50724,2.51915,1.64885,6.02518,2.02747,4.93397,1.22614,2.30122,5.22186,1.089,3.01099,2.39043,7.97991,2.78161,2.65103,1.13339,5.00726,4.64065,5.74394,3.00428,5.96723,3.1441,2.8047,NA,0.2963,4.02325,1.90818,0.09545,6.46908,6.13248,3.22524,1.85085,9.00577,4.72326,5.31138,5.35746,3.7132,5.1273,3.70001,5.18064,3.9195,3.60572,2.82554,2.75809,2.39498,4.33011,4.94029,4.53538,6.31102,6.42542,3.20852,4.11985,1.41704,2.74855,4.63437,5.55881,1.06263,4.91348,6.86044,1.43333,1.31969,2.30232,8.58559,3.80397,4.22327,3.22314,7.25597,4.10474,2.89771,9.51831,0.16282,5.78311,4.11181,1.98785,5.53567,1.57861,1.03451,6.66611,2.69534,6.71922,8.21624,1.24928,7.57592,4.37255,4.75429,5.26779,NA
6.15147,2.59562,5.11482,0.3558,1.04877,1.29955,1.63928,1.16739,4.93405,1.45399,2.62001,1.48464,2.27386,4.68945,0.47114,2.7541,1.213,7.29272,1.84468,1.04487,1.22166,5.01425,0.7379,5.52157,2.36052,7.53094,3.57918,3.03188,0.1373,0.03651,3.95263,0.75213,NA,7.63861,5.25691,2.98725,2.42779,7.82744,5.62729,2.23067,5.62723,3.54152,4.98561,3.6562,4.85943,0.33867,2.40212,2.78171,2.79079,2.03673,2.18827,5.03205,4.28135,7.70955,5.76829,3.01731,1.34259,0.77413,2.71107,4.50384,5.10227,1.30565,3.17366,5.8443,1.00248,0.80312,2.92112,9.06143,3.70625,3.32859,0.21146,9.21932,3.94781,1.03721,8.07329,0.30423,5.67546,1.81709,1.68176,5.31227,2.3149,NA,6.2984,2.51835,8.08204,7.79021,1.66529,7.3771,5.68913,4.8114,1.7877,NA
5.98574,4.94724,5.68516,2.19187,1.04211,2.22409,3.03701,2.80193,6.25551,3.29021,7.3251,1.60749,3.07774,6.18009,1.11313,8.58016,6.79415,8.61041,2.88033,6.95598,1.96478,4.34806,7.35128,5.60253,3.2328,5.4132,4.80057,3.69911,0.46413,1.71261,4.43541,4.67888,2.0243,5.02272,5.9964,5.02604,2.67805,10.90985,5.7161,7.23441,6.6284,3.61077,5.82464,4.77843,3.90689,5.30694,2.53978,2.5787,4.11225,2.88996,3.23999,5.98656,5.58008,7.02846,6.05551,4.56409,2.44724,2.49286,3.61058,5.31428,6.26685,2.26833,6.35491,8.1688,2.56642,1.42015,2.38207,9.92798,5.36414,4.71857,3.05728,9.25933,4.43101,4.23872,10.12382,2.75067,4.93572,4.60365,3.16199,6.14965,3.24933,0.57938,7.15843,2.34592,5.39735,8.49065,1.81422,7.48236,4.78783,4.18529,6.07673,0.2021
6.29508,6.04897,7.59682,2.83126,1.45996,2.95402,2.56673,3.88603,6.56514,3.35769,6.85675,1.6454,3.56699,5.96607,1.4306,3.18676,6.54241,9.0433,3.03411,8.82962,6.40279,4.91104,8.81013,6.19382,3.6415,5.38913,4.82645,4.79376,0.90834,1.93654,4.36787,5.22871,2.18653,3.46152,7.01694,2.94227,2.97594,12.0538,5.79671,7.99188,6.28345,4.31011,6.52203,4.55872,4.40552,6.05263,1.87735,3.27178,4.95011,2.33758,3.46125,6.39684,4.72688,8.93349,6.87921,4.04042,2.22846,2.43947,3.53671,5.11153,6.4142,1.19261,6.78936,8.38,3.19362,1.98291,2.37764,9.91072,5.35728,4.90155,3.47738,10.2918,4.60904,4.22844,9.80737,2.40086,5.89647,4.48963,3.02395,6.04083,2.92879,2.10224,6.99262,2.50878,5.54766,8.45351,4.36031,7.30433,4.52727,3.96626,6.92431,0.22883
6.24474,5.46866,6.59382,1.75841,0.93399,2.44299,1.844,3.39153,6.30238,3.08407,6.51678,1.68914,2.97859,5.89195,2.68262,4.4305,5.31468,8.13038,2.94041,8.33747,3.88476,4.81646,7.72444,5.69509,3.38958,5.5938,4.19722,3.63173,0.85112,0.72545,3.96361,4.43329,1.75489,4.15131,5.84558,2.98125,2.6857,12.10079,5.77032,6.77596,5.54116,3.9532,5.65039,4.79098,3.67002,5.45254,1.08466,2.62538,5.9737,2.54367,3.45616,5.58613,4.29135,8.43988,6.82066,4.7428,1.6689,4.38487,3.46731,5.32114,6.76409,1.36621,10.45309,8.14234,2.89742,1.1816,2.28059,9.12244,4.39311,4.70958,3.39079,9.35276,4.48816,4.27222,8.9609,1.74418,6.35308,4.42857,2.82133,6.29596,2.32025,1.76442,6.82273,2.46223,5.8742,7.56413,3.39273,7.35593,3.97585,4.07372,5.90662,1.13233
5.897,5.09779,5.56269,1.40179,1.4073,2.47067,1.56391,3.29295,5.66797,2.57014,6.70672,1.36358,2.829,5.98348,0.78525,3.06392,5.59713,8.65532,3.29457,7.31418,2.97918,4.50165,7.13563,6.24673,2.85826,4.89699,4.40729,3.64685,0.21079,1.21367,3.26307,4.43143,1.12565,4.24553,5.86492,3.04681,2.7541,9.68077,5.64745,8.19983,6.20506,3.72299,5.89186,3.96326,4.27251,5.56468,2.45189,2.74477,3.56702,2.5089,3.56735,4.36513,4.42461,7.76822,6.46879,3.64867,1.91244,1.90122,3.00284,4.7092,5.96114,1.08589,6.07042,8.25984,2.94043,0.94896,2.36563,9.48755,4.63756,4.50726,3.10236,5.27713,4.28802,4.07193,8.80722,2.1284,5.61879,3.85144,2.99182,5.84046,2.00396,2.02992,6.78347,2.14223,5.11341,8.19098,1.9866,7.14254,4.73843,3.90834,7.00955,NA
6.03874,5.55729,7.29454,2.46903,1.27419,1.97262,2.53646,3.10703,7.07063,3.05846,5.87194,1.33722,2.0364,6.08844,1.39087,3.81274,4.68227,9.3577,2.98698,7.72224,4.0655,4.46595,7.38739,5.70352,3.58466,4.77382,3.6753,4.10619,1.03422,0.79434,5.03621,4.2565,2.17151,3.22325,6.81144,3.11487,2.36577,11.20169,5.98422,7.24934,6.12613,3.48822,5.61703,4.47633,3.98208,4.31262,1.87344,2.74368,4.51793,1.76534,3.88394,5.08719,4.20599,8.79074,6.93051,3.94727,1.46885,2.23716,4.41823,5.18536,6.28806,0.67605,6.86339,7.76792,2.26308,1.51852,1.83997,8.63451,3.24817,4.66269,3.46644,6.98359,4.09637,3.95348,10.0562,1.48279,5.47774,5.01811,2.38806,5.90743,1.50938,2.47145,7.49133,2.92395,4.85995,7.37298,2.32949,7.30292,4.92877,3.5835,5.4107,NA
5.99064,5.07133,6.91493,1.72629,0.84145,2.79871,0.99633,3.59439,6.27504,3.28098,6.70821,1.39704,2.83207,5.86519,1.13734,3.86464,5.31719,8.85428,3.00642,8.41417,5.60009,4.6258,8.1251,6.16403,3.07567,5.69514,4.46569,3.9099,0.87806,0.55631,5.33668,4.91975,1.94439,2.78531,7.17331,3.78201,3.41795,10.63463,6.1915,7.31743,5.61815,3.94921,5.90322,4.85509,4.37494,5.68719,2.04643,3.02138,4.42717,2.48502,3.58516,6.46197,5.01027,9.44606,6.52274,3.98159,1.6892,2.43344,3.59832,5.3205,6.35414,0.67562,6.27102,8.20951,2.8385,1.08538,2.01102,9.27681,4.37246,4.84497,3.45928,9.90042,4.31315,4.27671,9.84414,1.92904,5.83885,5.00727,2.94914,5.84336,2.19342,1.30723,6.92847,2.48162,5.26962,7.16661,4.56366,7.41252,4.883,3.87864,6.51476,0.3397
6.20722,3.07825,5.92797,0.52142,1.48017,3.60975,1.06772,1.98102,5.44691,2.63679,4.34124,4.06684,6.39438,6.11685,0.85047,3.59244,1.47276,8.37283,3.1797,1.09276,1.08003,4.35773,3.8468,5.72533,2.29207,7.17111,4.84963,3.28051,0.52347,0.2785,5.40406,0.87169,NA,6.48496,5.09385,3.26853,3.7559,10.51868,6.1516,4.68496,5.57392,4.72157,6.16663,5.36353,4.53518,5.49207,2.03911,3.0623,5.59942,2.90302,3.31431,6.04302,3.85176,8.88302,6.10741,3.90517,4.47049,2.61646,3.94118,5.53486,5.85982,1.28387,5.76404,7.77472,1.38077,1.3535,5.4935600000000004,10.05363,5.73846,4.62536,2.61439,9.98137,4.31267,1.49857,12.2137,0.82671,5.53288,2.25919,1.28707,5.44493,3.86756,1.3569,7.49466,2.44875,6.50898,7.29724,0.8573,7.4175,4.73926,4.82038,5.1868,0.0692
6.08955,5.12032,6.74602,3.49284,0.85954,2.41902,3.35345,3.06329,6.31688,3.6014,6.37877,1.94268,3.97522,5.6658,3.52739,3.51283,5.30872,8.87591,2.64377,8.3384,4.65271,4.59618,7.97557,5.46611,2.70608,5.20483,3.8378,3.93437,1.28042,1.3241,6.38344,4.3198,2.19876,3.34989,6.36245,3.46267,2.39156,11.04547,5.24266,7.37399,6.01188,3.21099,5.96746,5.60955,3.95695,5.15196,2.65075,3.25091,6.04979,2.79163,4.24069,5.20398,4.19269,8.08485,7.2546,4.6897,1.37866,4.62362,4.94728,5.16481,6.39088,0.66892,11.7121,7.57897,2.20601,1.66891,2.88149,9.18969,4.46183,4.38949,3.4624,6.73496,4.30744,3.80104,10.56668,1.32448,5.66847,5.61468,3.03386,5.93217,2.31526,1.08159,7.86013,2.83814,4.99082,7.77036,4.61362,7.46668,3.53703,3.64611,7.18509,2.63262
6.26819,4.77665,5.59273,0.76799,1.82313,3.16524,3.78322,2.65333,6.17137,3.1683500000000002,7.12302,2.56791,5.25491,6.41624,1.75209,3.44095,4.58061,8.6407,2.79035,6.31197,1.59384,4.84078,6.5029,5.57072,2.73281,6.52771,4.49047,2.89256,1.03938,1.24354,5.89539,3.81532,1.63927,5.85707,5.08504,3.57857,3.0017,11.20999,5.28655,7.39209,5.88261,3.85828,5.78468,5.5176,4.39303,5.59778,2.49952,2.89545,6.24438,3.70022,3.78682,7.63634,4.40419,8.50238,7.56873,4.89113,4.17411,3.78112,4.23819,5.3844900000000004,6.43463,1.596,8.18747,8.44815,2.95186,2.92796,3.36318,9.86132,4.95987,4.86547,3.55187,10.95895,4.68551,3.71447,10.85904,0.71852,6.02823,3.46563,3.34393,6.09123,2.69305,1.43029,7.46983,2.39586,6.11929,9.34236,1.9547,7.39383,3.9549,4.0878,6.47133,0.82959
6.02996,3.49797,5.42515,0.6686,0.72374,3.12052,3.74895,2.49076,5.80044,2.18736,5.08168,1.68809,4.67379,5.88163,0.72349,1.80473,3.52071,8.06307,2.88117,3.18564,1.10361,4.30697,5.75081,5.88165,2.09587,6.6531,4.38131,3.67398,0.12247,0.37389,3.90725,2.40196,0.4486,6.00351,4.91988,5.71684,2.70517,10.21345,6.71977,5.58635,5.74695,4.14179,5.87508,4.65369,4.08922,5.54048,1.92709,2.67367,4.07499,2.51924,2.47804,5.98855,4.3649,8.09739,6.26464,3.46649,4.76328,1.711,3.76408,4.99703,5.71911,1.36167,5.84816,8.57814,2.33368,1.13037,3.57295,9.40173,4.71419,4.49664,2.57039,9.33831,3.89882,2.46795,9.43745,1.07327,4.84423,4.06989,3.34753,5.56809,2.54435,0.70043,7.35189,1.89802,5.95176,7.98144,1.78724,7.66911,6.69363,4.46307,7.54722,NA
5.79181,5.17556,7.03644,2.27821,1.26772,2.81852,1.37498,3.21565,5.81637,2.85487,6.21196,2.24236,3.81973,5.81066,0.88422,4.03839,5.0983,8.80408,2.79156,8.15928,6.03605,4.49606,8.01951,5.88483,2.23483,5.27725,4.14752,3.75252,0.64793,0.74879,5.96237,4.53499,1.64735,2.45102,6.79971,4.26363,2.114,10.0657,6.53372,7.67259,5.62258,3.58826,5.89801,4.71539,3.97845,5.10758,2.12899,3.72233,4.31803,2.08785,3.21842,5.05561,4.30552,8.1095,6.06348,3.90517,1.45101,1.72571,4.21377,5.00235,5.89017,1.07477,5.92552,8.1404,2.42964,1.40143,2.32854,9.06333,4.0197,4.26866,3.16745,5.80208,3.97059,3.99752,10.51985,1.24892,5.2631,5.47041,3.51821,5.61688,1.96665,1.62072,7.31064,2.55227,4.80429,7.32182,3.63123,7.0234,5.89963,3.51356,6.35096,NA
6.6887,5.12348,7.50118,3.27009,1.34305,3.75608,1.78357,3.9641,5.55192,3.00571,6.30178,3.20278,4.70946,6.27284,1.56634,2.81772,6.17708,8.56628,3.98257,8.79894,6.49918,4.78412,8.1425,7.48404,2.78728,5.64935,4.53677,4.06084,0.4054,1.28353,3.88969,5.73589,1.32534,3.27183,7.0068,3.47588,2.76398,10.13835,7.04047,7.06489,5.92847,4.27914,6.50403,4.81618,4.46434,5.73765,3.00045,2.77423,4.79811,2.45978,2.7768,5.32716,5.33072,8.72023,6.82862,3.9862,3.29364,2.58172,3.7427,4.7322,5.88156,0.96014,5.88886,8.29539,2.87025,1.17394,3.19791,9.32312,4.47649,4.38781,3.31265,7.61461,4.72465,4.31771,8.80673,1.64394,6.56545,5.42821,3.82427,5.68851,3.13704,1.51368,7.19527,2.25846,5.10889,7.123,4.56786,6.3151,7.60352,4.00525,7.84488,0.20804
6.27176,5.98728,7.03256,2.2463,1.48948,2.02152,2.83962,3.09703,6.33413,2.92016,6.26462,1.50995,2.48097,5.75003,0.91165,3.48944,3.93363,8.86753,3.07149,8.18888,3.90711,4.66243,7.73574,6.23403,3.09629,5.03932,3.83575,4.28832,0.55297,0.54835,4.17828,4.49288,1.38275,3.86799,6.67531,2.93489,2.56514,10.65575,5.69916,7.68628,7.36866,3.75445,5.48585,4.31831,4.20115,4.60842,2.20323,2.81468,3.87276,2.09617,3.45703,5.494,4.8,8.78247,6.62935,3.96706,1.58318,2.25367,3.43304,4.79324,6.06873,1.30752,6.45052,7.98233,2.73439,1.40781,1.93282,8.89419,3.82236,4.49705,3.54448,5.96737,4.23295,4.0642,9.08348,0.75013,5.47899,4.3134,2.81389,6.00147,1.69086,2.95589,6.86544,2.40411,5.22941,8.20423,3.39971,6.88858,4.43277,4.04421,5.87386,NA
6.39687,2.18095,5.00185,NA,1.77105,2.34926,0.68106,0.92914,4.9676,1.66506,3.14162,5.69299,2.7308500000000002,4.66202,0.71358,3.02182,0.14026,7.77513,1.49452,0.1221,NA,4.95376,NA,5.44809,2.76824,7.52529,4.26926,2.84407,NA,NA,4.48151,0.15559,NA,8.95047,4.76467,2.84757,3.17775,8.56257,5.82812,1.21492,5.26957,3.83105,4.9312,4.21366,4.70086,1.92178,3.33966,2.53318,3.42285,1.64151,0.80298,5.9388,3.88567,8.16389,5.65675,3.05587,1.80835,0.7146,3.05177,5.03249,5.22688,0.95624,3.17664,6.14411,1.87311,0.78653,4.82688,8.56988,4.09931,3.50242,NA,10.18711,4.1436,0.90263,9.38156,0.13304,5.95775,1.47436,0.8111,5.05365,3.2933500000000002,1.38443,6.11085,2.55456,8.81036,7.82958,0.47119,7.3524,6.10183,4.89845,1.34534,NA
6.3587,2.83576,5.82372,0.36967,2.48518,2.31415,2.57714,1.37925,5.96856,2.33763,3.16868,1.58896,5.77596,7.23306,0.7484,5.68188,1.12266,9.52974,2.4917,1.02084,0.90856,4.21796,2.0716,4.65474,3.74606,7.43324,3.85275,2.04433,0.41552,0.23818,5.72489,0.35568,NA,7.12886,5.18702,3.67711,2.77181,8.72833,6.43444,2.0385,5.6884,3.48882,5.50416,3.98153,4.44928,4.35717,2.44185,2.60401,3.31949,2.27911,3.09992,5.35114,5.29912,7.46634,5.86995,3.67259,4.44991,1.30686,3.67701,4.4061,5.59587,0.7533,3.22179,6.5047,1.04709,1.63359,2.40065,9.27956,3.93534,4.17299,3.58631,7.86487,4.23854,1.04528,8.52464,0.15012,6.88457,2.52214,1.95479,5.96409,5.61439,0.13068,7.43387,3.23232,6.97336,8.45832,1.7123,7.14568,3.95822,4.07592,6.97437,NA
5.8367000000000004,2.40975,6.00824,0.08957,1.00484,1.47237,0.88449,1.01918,5.67389,1.51928,3.21239,2.04165,1.54941,5.16067,0.43063,4.59845,0.50253,9.24631,1.59578,0.58895,0.30896,4.7526,0.2057,5.32577,2.61669,7.50393,3.43354,2.62254,NA,0.09993,5.64707,NA,NA,7.9211,4.97846,2.48563,2.26998,9.45253,4.79113,0.57797,4.65593,3.23984,5.2282,4.26512,4.52319,0.93085,3.10431,4.9751,4.59198,2.0323,2.45878,5.60176,3.93958,8.13914,5.61877,3.64431,1.36001,NA,3.4623,4.58694,5.40102,1.30119,2.36274,4.818,0.9093,0.8898,2.93528,8.94239,3.82007,3.8453,0.16499,9.77591,3.95369,0.72446,6.7859,0.37,5.74607,1.44396,1.63928,5.7505,3.14315,1.08366,6.43698,2.61352,7.89075,7.31707,0.54303,7.16255,4.86654,3.99838,1.33079,NA
5.54799,4.89956,5.55944,0.92427,0.96458,2.47032,4.07643,2.33377,7.40553,2.76148,6.09685,1.47066,3.01478,6.18756,1.22948,7.50555,3.52546,8.73432,2.47913,4.65179,1.1259,4.55202,5.66108,4.85267,2.80165,5.48561,3.85822,2.37321,1.0485,1.83324,7.56822,3.41189,1.22388,7.58646,6.19045,6.54327,2.70045,10.6992,5.73665,5.70978,5.32271,3.38952,5.53722,5.12098,4.07268,5.78861,1.66031,3.26144,4.63812,3.54924,4.99071,6.29278,5.69127,7.32345,5.66908,4.38714,3.7906,4.47414,5.37669,4.73668,6.20965,1.42945,7.49822,8.39648,2.25363,2.67949,2.59852,8.78863,4.02164,4.71632,2.86699,9.64305,4.189,3.03512,10.663,0.60633,4.86948,4.9238,1.91607,5.95328,2.06481,0.80553,6.9553,3.07342,7.59777,8.63581,2.38658,7.89376,6.05818,3.58768,7.0568,0.06168
5.40919,5.41336,6.68038,1.00652,0.97902,1.44399,6.77165,2.61027,7.38537,2.56232,6.46526,2.06302,3.1369,6.42897,1.10206,3.9908,4.64717,8.05659,2.21011,8.05473,3.32849,4.15988,6.96019,4.49767,3.42569,4.67763,3.03984,4.07539,0.99835,1.05655,6.29108,3.64751,1.33984,5.05526,7.05483,2.70003,2.27418,12.21025,5.11715,5.37129,5.33807,2.85349,4.92444,4.43637,6.6939,5.20913,2.70305,2.30775,4.8284,3.44338,3.93801,5.87668,5.41987,7.29536,5.49323,3.30069,1.0084,3.45595,6.01045,4.37377,6.16438,1.46649,5.76059,7.09495,1.61537,7.02616,3.16236,8.47796,3.34435,5.37276,3.28672,7.51624,4.05552,3.24655,9.90857,1.54259,4.35004,5.68826,2.22702,7.04807,1.4495,1.21112,6.70984,3.31159,6.24208,9.71077,4.49737,7.24764,4.00928,2.89292,5.7575,0.35818
6.09673,3.10916,5.3982,NA,0.79022,1.50928,1.48947,0.96935,5.77842,1.55011,2.78804,0.52553,1.75163,4.84221,0.57672,3.08519,0.27238,9.39405,1.86733,0.37353,0.54389,4.80445,NA,5.33524,2.76246,7.14603,4.24426,2.75754,0.29905,NA,5.27334,NA,NA,8.21958,5.77406,2.62911,2.64315,9.04152,4.66834,1.46629,4.77294,3.25241,4.85099,4.14158,4.71975,0.8225,2.38919,3.27058,5.083,2.49373,2.95625,5.90664,3.07263,8.33503,5.97917,3.59713,0.95001,0.66426,3.83547,5.04265,5.63348,0.94869,2.93885,5.95115,0.98481,1.03831,3.02654,8.67376,4.02987,3.72725,0.67961,9.9563,3.51616,0.58913,6.73004,0.02565,5.73267,0.75471,1.59581,5.50561,2.59046,2.05769,7.03202,2.82353,8.2340699999999991,7.32399,0.55418,7.59157,4.98998,4.23996,0.83149,NA
6.01149,4.14186,7.36143,0.08282,0.69175,3.05765,1.75225,2.30721,6.72013,3.60466,6.92229,3.42929,4.06478,4.83773,1.40117,11.69989,4.44355,6.31858,2.25717,6.67709,4.89953,4.8486,5.7641,4.03432,2.69984,5.55569,3.62715,2.69325,0.31976,1.28168,6.00054,3.7188,1.89634,6.49358,3.63749,5.51994,2.29014,10.93079,5.15269,4.03675,4.71912,2.79448,5.21149,4.7712,3.60787,4.50603,0.96153,2.33879,4.1957700000000004,2.03682,3.11234,4.99526,7.54878,6.57609,5.14442,5.08464,3.12163,3.53746,3.89255,7.24558,6.33612,0.47737,4.80512,7.79223,2.37989,1.36536,2.15264,8.95064,3.71007,4.95118,2.2131,6.03856,4.19452,3.58841,9.56839,1.00831,3.0885,4.80938,2.5105,6.69928,2.88596,1.63101,8.10847,3.78248,6.43597,7.73978,1.63252,7.30918,3.53939,3.76923,6.41877,0.68768
5.33414,5.90941,8.37637,4.32114,1.58594,2.08018,1.80475,2.05292,7.78413,4.12874,6.87725,2.43423,4.77217,5.77287,1.4762,8.32115,4.18998,8.75741,1.71648,7.84207,4.04178,3.92312,6.65593,3.80893,2.98898,4.58356,2.62975,3.33797,0.88892,1.10274,7.97425,2.84393,1.55376,3.12462,5.73692,3.57042,2.12129,11.54673,5.02964,2.77334,5.81859,2.63183,5.98994,5.4782,3.94283,5.13672,2.11991,2.89983,4.33894,2.97886,3.61321,6.41814,6.5029,6.0257,4.92364,3.86512,1.9075,2.29518,6.14922,5.02896,6.53683,1.65315,7.64528,6.01647,0.82913,1.69998,2.35063,8.52938,3.2805,5.14505,2.81465,6.66004,4.13447,3.96191,10.05683,0.86304,2.99685,5.97294,2.18852,6.76538,3.63218,0.91147,7.64101,3.97402,6.46527,10.98338,4.13071,7.76832,5.10087,3.12914,8.07567,NA
6.06071,3.56592,5.38012,0.19147,0.97518,2.16502,1.9964,1.94216,5.79809,2.39488,4.93068,1.57963,3.08135,5.17275,1.01951,2.99971,2.51991,8.85778,2.62954,2.79231,0.82026,4.44714,5.0774,5.14529,1.83524,5.65053,3.68556,2.34581,0.16169,0.16175,6.3201599999999996,1.93165,0.54592,6.84136,4.98812,2.89889,2.58452,9.85463,5.60016,4.83142,5.55779,3.55022,5.25801,4.65772,4.04987,5.02924,3.39486,2.63117,4.55101,2.69314,3.4223,5.33769,3.78804,7.45548,6.27523,3.67295,3.92561,2.01818,3.37939,4.38039,5.86367,0.93098,6.15902,7.63703,1.69248,1.68872,2.02585,9.07349,4.26933,4.62778,2.66549,8.32397,4.01383,1.74691,9.27764,0.60881,5.01148,3.75661,2.73619,5.44391,2.00609,1.13038,6.47842,2.00372,7.0027,8.23754,2.01784,7.10643,4.27963,4.22963,7.35494,NA
6.20923,4.92986,6.70863,1.47722,1.5854,2.44912,4.6664,3.49805,5.89735,2.99805,6.85102,1.91787,3.03362,5.55081,1.55252,3.30564,5.3052,8.84008,2.39918,8.53747,2.33559,5.00973,7.61007,5.65067,2.534,5.43869,3.63646,3.64287,0.27874,1.24348,3.33557,4.17484,0.64239,3.51781,6.81443,3.04726,2.92946,9.40714,5.52613,6.28109,5.55883,3.39334,5.18205,3.62896,5.17672,5.54598,5.25261,2.92624,5.21958,2.68641,2.54576,5.03542,4.55815,7.95668,6.3021,2.93691,1.38199,1.90571,2.67241,3.6379,5.74178,1.56891,4.93994,7.93519,2.7505,3.14078,2.81523,8.3875,3.3184,3.65459,2.71659,8.40775,4.17796,3.5613,8.94376,1.71599,5.04081,4.49042,3.78918,5.3485,1.91634,1.16367,6.25509,2.97326,5.02927,11.16608,5.38465,6.42063,4.33228,3.65476,6.30252,0.06698
6.30282,4.75462,6.86027,0.67978,1.18042,2.61076,3.78286,2.72452,6.52179,2.57082,6.65407,1.36208,3.1617,6.29725,2.65544,4.13129,4.993,9.79326,2.52646,7.48284,2.95785,4.5843,6.56853,5.43935,2.14647,5.56567,4.05261,2.76694,0.71169,0.88787,5.77444,4.27107,1.44725,6.18988,7.2529,2.87732,2.89832,11.04526,5.70639,5.60208,5.54786,3.18862,5.81988,4.46116,4.46346,5.30489,2.23418,2.99321,4.80724,2.85878,4.14157,5.71507,4.66742,7.77064,6.05996,3.35245,2.37914,1.75198,4.17429,4.47985,6.00997,1.02222,6.36927,8.08868,2.76118,2.65122,2.59093,9.20026,3.90353,4.18689,2.34582,9.30127,4.22811,3.17683,10.58497,1.33441,4.95452,4.73283,2.9791,5.76737,1.74371,0.27773,6.89776,2.79581,5.8771,9.01205,2.16634,7.42585,5.7327,3.31343,7.48341,0.15774
6.66612,4.62196,6.11577,0.89096,1.73803,2.88686,6.78597,2.38307,7.008,2.73497,5.7537,2.16361,5.56666,6.0848,1.63763,5.90729,4.61709,9.23799,3.03668,4.19152,1.56264,4.37281,6.35639,4.98694,2.90209,6.17699,4.64416,3.15835,0.79515,0.45375,7.19253,2.89765,1.45663,7.8142,5.01584,4.26101,3.22561,10.13722,6.03743,4.4528,5.76354,3.55909,6.24955,4.88064,3.92822,6.49192,2.8223,2.59536,4.10433,3.21739,4.31049,5.58856,4.40346,8.45481,6.40136,4.34448,4.68645,1.85129,4.05977,4.87988,5.94974,1.269,4.85321,8.61137,3.25538,4.87079,3.99563,9.68105,3.79052,4.21564,3.55114,7.51803,4.90208,3.18125,9.84008,0.5917,5.31633,4.84707,3.54135,5.84622,3.89248,1.32422,7.20747,3.02047,8.09446,8.8779,2.6606,7.29622,5.31072,4.62102,9.76525,0.15621
7.05057,6.07062,6.67325,2.86367,1.90598,2.89841,4.35364,2.71429,8.66599,3.36179,7.11402,3.79598,6.77421,6.27883,1.26771,9.41812,4.85643,8.39222,2.68999,7.1279,3.0021,4.254,5.93095,4.63773,7.60999,7.0367,3.85574,3.22553,1.0031,0.98293,7.38321,4.00991,1.84164,6.48301,5.69901,3.34038,2.64338,10.37003,7.02277,4.1804500000000004,6.43964,4.32339,6.40296,4.97285,4.50516,8.09681,1.2902,3.40011,5.99883,3.30649,4.34486,7.63311,5.62976,7.47183,6.38382,4.21359,4.60069,2.93609,5.14076,5.79791,6.58852,2.00607,8.88458,7.77886,2.7257,4.37673,3.24288,10.07224,4.54751,5.50919,4.54624,5.77284,5.31651,4.22127,10.25397,1.15484,4.69053,5.14474,3.18013,7.35267,7.37293,1.25229,8.10636,4.13912,7.23275,8.96841,3.43832,7.82061,5.32347,3.82095,12.06889,0.16065
6.68434,5.41858,7.14471,1.72077,1.26581,1.75479,3.45352,3.13848,6.18411,3.44954,6.84601,3.56415,2.90965,5.63802,2.71288,4.10438,5.40416,7.4424,3.44503,8.49694,7.04681,5.15736,8.40452,6.41709,2.95723,5.14611,4.03225,4.29513,0.80276,0.90946,3.0289,4.60475,1.41146,1.74751,6.65056,3.54994,2.14731,10.93364,6.13525,6.69653,7.19668,3.96292,6.06461,5.14925,4.47183,5.20788,3.15056,3.02329,5.47228,2.30534,3.63187,5.00377,4.91623,7.69685,7.09848,5.22735,1.27743,3.95465,3.40472,5.25022,6.43326,1.26188,9.34745,8.08016,3.04894,1.61571,2.29531,9.55827,4.67672,5.20399,4.59219,6.73648,4.77751,4.18853,9.73906,1.68857,6.44679,5.69479,3.02216,6.60363,1.85784,1.69896,7.37532,2.81101,4.85507,7.72055,3.82876,7.31659,5.10015,5.36086,6.16082,1.6711
6.25114,4.70938,5.57365,0.49031,0.66666,2.3842,2.65975,3.18201,5.90092,2.79167,6.57854,1.0084,3.09867,5.98181,1.18808,3.23523,5.32547,8.82959,2.92873,7.46411,2.96136,4.89502,6.6815,6.58017,2.80309,5.62468,4.34046,3.88888,0.89414,0.90879,3.14911,4.5105,1.81098,5.5642,5.59469,3.5726,2.69941,10.32911,6.61999,7.10653,6.66861,4.1402,5.95444,4.36183,4.35339,5.7103,4.58617,3.28751,3.92745,2.24892,2.87146,5.84468,4.53456,7.61182,7.15099,4.00926,2.90408,2.70481,3.13948,5.33279,6.34108,1.86038,6.65883,8.31897,3.24341,1.51322,2.10378,9.47107,4.39489,5.02338,3.34847,9.4163,4.19478,4.28729,9.27021,1.01538,6.18657,3.99962,2.74379,6.14495,2.23067,1.15129,7.24014,2.09132,5.85885,7.8922,2.10358,7.51722,5.83221,4.26105,6.41034,NA
5.88983,4.747,6.76293,2.51451,1.13349,1.99159,3.02167,3.04909,6.68347,2.61186,6.25931,1.32394,2.93518,6.08814,0.95151,5.00656,4.82859,7.748,2.68884,7.93808,4.48741,4.78263,7.47338,5.77154,2.67819,4.92006,3.51995,4.21899,0.76552,0.43803,4.1526,4.21497,1.71955,4.80367,7.0335,3.04108,2.49989,10.38708,5.22154,6.93846,5.77328,3.39753,5.3385,4.38486,4.36994,5.21474,2.6513,3.21171,3.99813,2.83645,3.53244,5.07392,4.72241,8.15483,6.07941,3.98645,1.34922,2.23529,5.0773,5.18192,6.00962,1.58776,5.59515,7.57814,2.65688,1.47636,1.93708,8.79484,3.47567,5.33452,3.93802,6.98167,3.79107,3.72751,9.9681,1.51327,5.55307,5.78914,2.6249,6.83002,1.83373,1.05226,7.01404,2.60954,4.95535,8.94236,3.31488,6.98324,3.71881,3.7354,7.17634,NA
6.13835,6.00564,6.30116,1.45072,0.74267,2.64264,2.17651,2.93695,7.75371,4.23902,7.29638,2.4966,4.89899,6.24695,2.38754,7.33939,5.87758,7.5783,2.69695,8.98551,3.48356,5.21169,8.40593,5.18205,3.97078,6.75383,4.75657,3.83177,1.06478,0.75003,5.42366,4.73583,2.36731,3.15093,4.89214,3.02462,3.03736,14.15777,6.08204,5.98424,5.43644,5.0531,6.01189,5.49209,3.45529,5.51637,0.88631,1.86571,7.65759,2.83116,2.84612,6.13935,4.51554,8.67232,6.08929,5.30946,1.94586,6.43947,4.12868,7.19546,6.86021,1.55437,9.46483,8.08247,2.83539,2.0174,3.49671,9.90449,5.34299,5.01617,2.73439,7.65181,4.5899,3.89336,11.17695,1.80136,4.23432,5.41643,2.78911,5.87926,3.0086,1.97967,8.05197,2.94651,6.32331,6.97109,3.52615,7.67765,4.52788,3.83162,7.69069,1.86388
6.10868,4.62375,5.28949,0.94463,1.05642,2.43341,3.31814,3.14852,5.78779,2.35193,6.10872,0.74418,2.69927,5.70254,0.6444,3.24322,4.8147,8.54283,2.89777,7.22935,5.90103,4.75144,6.32981,6.2217,2.84376,5.8375,3.69464,3.55736,0.34788,0.42025,3.3696,4.5172,1.35967,5.41202,5.43952,3.19275,2.68801,10.34423,6.20438,6.19337,5.29776,3.69693,5.78464,4.27023,4.33784,5.37849,3.03827,3.33484,3.53768,1.94217,2.70536,4.66194,4.52351,7.14203,6.61833,4.07654,2.46178,2.31385,3.09426,5.1496,5.97868,1.21336,6.16649,8.47975,3.07665,2.01662,1.69724,8.96803,3.87142,4.43961,3.32062,6.73647,4.07725,4.02334,8.52817,0.9157,6.46229,4.28056,2.58244,5.88329,1.75483,0.9469,6.9217,2.36259,5.50215,7.80177,2.02196,7.14913,5.03421,3.87062,5.75163,0.01824
6.24764,4.84881,7.05878,1.71499,1.59011,2.11635,0.69911,3.52595,5.69568,2.98269,6.47284,1.33238,3.20544,5.89291,1.05875,3.57537,5.96845,7.70733,3.252,8.74762,6.43822,4.72273,9.14477,6.33574,2.66741,5.39141,4.69184,4.63118,0.52869,1.20113,4.43999,4.85115,1.56418,1.73067,6.63366,3.12142,2.47666,10.23023,5.86892,8.3366,7.4761,3.83319,6.42805,4.85194,4.15184,5.06125,2.46617,3.10312,3.51456,2.15498,3.45494,4.64253,4.30185,7.54994,6.47498,3.94491,1.46885,2.03813,3.91741,5.62057,5.92955,1.28366,6.2012,8.1201,2.85656,0.82717,2.07439,9.86725,5.34156,4.79202,3.49712,5.54298,4.07479,4.2205,9.00706,1.69987,5.79638,5.16538,3.10923,6.16257,2.24885,1.79822,7.18842,2.62548,4.50768,8.11063,3.91786,6.99976,4.8754,3.94189,6.49763,0.48127
6.23353,5.23625,6.83245,2.75609,1.4658,2.67303,1.67765,3.35324,5.95106,2.65448,6.07421,1.19525,2.84228,5.96474,1.32063,3.43764,5.13056,8.91821,3.09238,8.17372,4.902,4.84362,7.48317,6.22818,2.81877,5.39142,4.06984,5.11435,0.82966,0.89603,5.49435,4.25809,1.87476,4.27838,6.42452,3.42347,2.42758,11.01049,5.5648,8.09307,5.62983,3.91191,5.89447,5.01007,4.41008,5.23352,1.78078,2.97596,4.09153,2.32121,3.49987,6.11822,4.95282,7.46963,6.48902,4.16549,1.76233,2.54271,4.03699,5.37093,6.06458,1.44544,7.28141,8.05231,2.50652,2.03639,1.91343,8.88928,3.90719,5.23391,3.90409,10.13408,4.32422,4.10584,9.79487,0.94518,5.79689,4.99341,2.93859,6.29329,1.9761,1.71949,7.61535,2.72026,5.13286,7.59762,2.28505,7.35189,4.89107,4.27051,7.47683,NA
